Name,ISO2,ISO3,eu_code,Lat,Long,Source,PreferredName,MatchPartner,MatchJulesBiglist,EU_OR_NOT,TRADE_BLOC,ACP_NOT,EU_region,Dupli_ISO2,Dupli_EU
Afghanistan,AF,AFG,660,34.575503,69.240073,ISOorg,1,223,3,NOT,NON-ACP LDC,OTHER,0,1,1
Albania,AL,ALB,70,41.327546,19.818698,FAO,1,54,6,NOT,WBA,OTHER,0,1,1
Algeria,DZ,DZA,208,36.752887,3.042048,FAO,1,81,63,NOT,MAGHREB,OTHER,0,1,1
Am. Oceania,US,USA,400,38.907192,-77.036871,EU,0,141,236,NOT,WORLD,OTHER,0,5,1
American Samoa,AS,ASM,819,-14.275632,-170.702036,FAO,1,271,12,NOT,PACIFIC AND AUSTRALASIA,OTHER,0,1,2
Andorra,AD,AND,43,42.506317,1.521835,UN,1,33,1,NOT,EU,OTHER,3,1,1
Angola,AO,AGO,330,-8.839988,13.289437,ISOorg,1,115,9,NOT,SADC,ACP,0,1,1
Anguilla,AI,AIA,446,18.214813,-63.057441,UN,1,157,5,NOT,OCT,OTHER,0,1,1
Antarctica,AQ,ATA,891,-90,0,FAO,1,291,10,NOT,WORLD,OTHER,0,1,1
Antigua and Barbuda,AG,ATG,459,17.12741,-61.846772,UN,1,169,4,NOT,CARIFORUM,ACP,0,2,2
Antigua And Barbuda,AG,ATG,459,17.12741,-61.846772,EU,0,169,4,NOT,CARIFORUM,ACP,0,2,2
Argentina,AR,ARG,528,-34.603684,-58.381559,UN,1,203,11,NOT,WORLD,OTHER,0,1,1
Armenia,AM,ARM,77,40.179186,44.499103,UN,1,60,7,NOT,EASTERN,OTHER,0,1,1
Aruba,AW,ABW,474,12.509204,-70.008631,UN,1,184,15,NOT,OCT,OTHER,0,1,1
Aust.Oceania,AU,AUS,835,-35.282,149.128684,EU,0,254,14,NOT,WORLD,OTHER,0,4,1
Australia,AU,AUS,800,-35.282,149.128684,ISOorg,1,254,14,NOT,WORLD,OTHER,0,4,1
Austria,AT,AUT,38,48.208174,16.373819,EU,1,28,13,EU,EU,OTHER,1,1,1
Azerbaijan,AZ,AZE,78,40.409262,49.867092,UN,1,61,16,NOT,EASTERN,OTHER,0,1,1
Bahamas,BS,BHS,453,25.047984,-77.355413,FAO,1,163,32,NOT,CARIFORUM,ACP,0,1,1
Bahrain,BH,BHR,640,26.228516,50.58605,FAO,1,216,23,NOT,WORLD,OTHER,0,1,1
Bangladesh,BD,BGD,666,23.810332,90.412518,ISOorg,1,227,19,NOT,NON-ACP LDC,OTHER,0,1,1
Barbados,BB,BRB,469,13.113222,-59.598809,FAO,1,179,18,NOT,CARIFORUM,ACP,0,1,1
Belarus,BY,BLR,73,53.90454,27.561524,FAO,1,56,35,NOT,EASTERN,OTHER,0,1,1
Belgium,BE,BEL,17,50.85034,4.35171,FAO,1,2,20,EU,EU,OTHER,2,3,1
Belgium and Luxembourg,BE,BEL,2,50.85034,4.35171,EU,0,2,20,EU,EU,OTHER,2,3,2
Belgium-Luxemburg,BE,BEL,2,50.85034,4.35171,ISOorg,0,2,20,EU,EU,OTHER,2,3,2
Belize,BZ,BLZ,421,17.251011,-88.75902,UN,1,149,36,NOT,CARIFORUM,ACP,0,1,1
Benin,BJ,BEN,284,6.496857,2.628852,ISOorg,1,103,25,NOT,ECOWAS,ACP,0,1,1
Bermuda,BM,BMU,413,32.294816,-64.781375,UN,1,146,27,NOT,OCT,OTHER,0,1,1
Bhutan,BT,BTN,675,27.472792,89.639286,FAO,1,231,33,NOT,INDIAN SUBCONTINENT,OTHER,0,1,1
Bolivia,BO,BOL,516,-16.489689,-68.119294,ISOorg,1,200,29,NOT,WORLD,OTHER,0,2,2
Bolivia (Plurinational State of),BO,BOL,516,-16.489689,-68.119294,UN,0,200,29,NOT,WORLD,OTHER,0,2,2
"Bonaire, Sint Eustatius and Saba",BQ,BES,477,12.15,-68.26667,UN,1,188,30,NOT,OCT,OTHER,0,2,2
"Bonaire, Sint Eustatius And Saba",BQ,BES,477,12.15,-68.26667,EU,0,188,30,NOT,OCT,OTHER,0,2,2
Bosnia,BA,BIH,93,43.856259,18.413076,ISOorg,0,70,17,NOT,WBA,OTHER,0,3,3
Bosnia and Herzegovina,BA,BIH,93,43.856259,18.413076,UN,1,70,17,NOT,WBA,OTHER,0,3,3
Bosnia And Herzegovina,BA,BIH,93,43.856259,18.413076,EU,0,70,17,NOT,WBA,OTHER,0,3,3
Botswana,BW,BWA,391,-24.628208,25.923147,FAO,1,138,34,NOT,SADC,ACP,0,1,1
Bouvet Island,NO,NOR,27,59.913869,10.752245,EU,0,22,170,NOT,EEA,OTHER,0,3,2
Br.Virgin I.,VG,VGB,461,18.428612,-64.618466,EU,0,167,242,NOT,OCT,OTHER,0,3,2
Brazil,BR,BRA,508,-15.794229,-47.882166,UN,1,198,31,NOT,SOUTH AMERICA,OTHER,0,3,3
Brit.Virg.Isl.,VG,VGB,468,18.428612,-64.618466,EU,0,167,242,NOT,OCT,OTHER,0,3,1
British Indian Ocean Territory,IO,IOT,357,21.3419,55.4778,EU,1,124,106,NOT,OVERSEAS TERRITORY,OTHER,0,2,2
British Virgin Islands,VG,VGB,461,18.428612,-64.618466,FAO,1,167,242,NOT,OCT,OTHER,0,3,2
Brunei,BN,BRN,703,4.903052,114.939821,ISOorg,1,242,28,NOT,WORLD,OTHER,0,2,2
Brunei Darussalam,BN,BRN,703,4.903052,114.939821,FAO,0,242,28,NOT,WORLD,OTHER,0,2,2
Bulgaria,BG,BGR,68,42.697708,23.321868,FAO,1,53,22,EU,EU,OTHER,3,1,1
Burkina Faso,BF,BFA,236,12.371428,-1.51966,ISOorg,1,90,21,NOT,ECOWAS,ACP,0,1,1
Burundi,BI,BDI,328,-3.361378,29.359878,FAO,1,113,24,NOT,EAC,ACP,0,1,1
Cabo Verde,CV,CPV,247,14.93305,-23.513327,UN,0,93,53,NOT,ECOWAS,ACP,0,2,2
Cambodia,KH,KHM,696,11.544873,104.892167,FAO,1,238,117,NOT,NON-ACP LDC,OTHER,0,1,1
Cameroon,CM,CMR,302,3.848033,11.502075,UN,1,105,46,NOT,CEMAC,ACP,0,2,2
Cameroon UR,CM,CMR,302,3.848033,11.502075,ISOorg,0,105,46,NOT,CEMAC,ACP,0,2,2
Canada,CA,CAN,404,45.42153,-75.697193,ISOorg,1,142,37,NOT,WORLD,OTHER,0,1,1
Canary Islands,CQ,CQI,22,28.291565,-16.629129,EU,1,17,49,NOT,EU,OTHER,3,4,1
Canary Isles,CQ,CQI,202,28.291565,-16.629129,EU,0,17,49,NOT,EU,OTHER,3,4,2
Cape Verde,CV,CPV,247,14.93305,-23.513327,ISOorg,1,93,53,NOT,ECOWAS,ACP,0,2,2
Cayman Islands,KY,CYM,463,19.286932,-81.367439,UN,1,173,124,NOT,OCT,OTHER,0,1,1
Central African Republic,CF,CAF,306,4.394674,18.55819,ISOorg,1,106,40,NOT,CEMAC,ACP,0,2,2
Central African Republic (the),CF,CAF,306,4.394674,18.55819,Jules,0,106,40,NOT,CEMAC,ACP,0,2,2
Centre South,BR,BRA,508,-15.794229,-47.882166,Tom,0,198,31,NOT,SOUTH AMERICA,OTHER,0,3,3
Ceuta,CQ,CQA,21,28.291565,-16.629129,EU,0,17,49,NOT,EU,OTHER,3,4,1
Ceuta & Mellila,CQ,CQA,202,28.291565,-16.629129,EU,0,17,49,NOT,EU,OTHER,3,4,2
Chad,TD,TCD,244,12.134846,15.055742,ISOorg,1,92,218,NOT,CEMAC,ACP,0,1,1
Chagos Archipelago,IO,IOT,357,21.3419,55.4778,FAO,0,124,106,NOT,OVERSEAS TERRITORY,OTHER,0,2,2
Channel Islands,GB,CHI,6,51.507351,-0.127758,UN,0,6,78,EU,UK,OTHER,2,6,3
Chile,CL,CHL,512,-33.44889,-70.669265,UN,1,199,45,NOT,WORLD,OTHER,0,1,1
China,CN,CHN,720,39.904211,116.407395,UN,1,247,47,NOT,WORLD,OTHER,0,2,2
China (Taiwan),TW,TWN,736,25.032969,121.565418,ISOorg,0,251,231,NOT,WORLD,OTHER,0,4,4
"China, Hong Kong SAR",HK,HKG,740,22.396428,114.109497,FAO,0,252,95,NOT,WORLD,OTHER,0,2,2
"China, Macao SAR",MO,MAC,743,22.210928,113.552971,FAO,0,253,150,NOT,WORLD,OTHER,0,2,2
"China, mainland",CN,F41,720,39.904211,116.407395,FAO,0,247,47,NOT,WORLD,OTHER,0,2,2
"China, Taiwan Province of",TW,TWN,736,25.032969,121.565418,FAO,0,251,231,NOT,WORLD,OTHER,0,4,4
"China, Taiwan Province of China",TW,TWN,736,25.032969,121.565418,UN,0,251,231,NOT,WORLD,OTHER,0,4,4
Christmas Island,CX,CXR,833,-10.420686,105.679379,EU,1,281,55,NOT,PACIFIC AND AUSTRALASIA,OTHER,0,1,3
Cocos (Keeling) Islands,CC,CCK,833,-90,-90,FAO,0,282,38,NOT,PACIFIC AND AUSTRALASIA,ACP,0,2,3
Cocos Islands,CC,CCK,833,-90,-90,EU,1,282,38,NOT,PACIFIC AND AUSTRALASIA,ACP,0,2,3
Colombia,CO,COL,480,4.710989,-74.072092,ISOorg,1,191,48,NOT,COLOMBIA,OTHER,0,1,1
Comoros,KM,COM,375,-11.717216,43.247315,ISOorg,1,129,119,NOT,ESA,ACP,0,1,1
Congo,CG,COG,318,-4.26336,15.242885,FAO,1,110,41,NOT,CEMAC,ACP,0,2,2
Congo (the Democratic Republic of the),CD,COD,322,-4.441931,15.266293,Jules,0,111,39,NOT,CEMAC,ACP,0,5,5
Congo (the),CG,COG,318,-4.26336,15.242885,Jules,0,110,41,NOT,CEMAC,ACP,0,2,2
Congo Dr,CD,COD,322,-4.441931,15.266293,EU,0,111,39,NOT,CEMAC,ACP,0,5,5
"Congo, Dem. Rep.",CD,COD,322,-4.441931,15.266293,ISOorg,0,111,39,NOT,CEMAC,ACP,0,5,5
"Congo, Dem.Rep.",CD,COD,322,-4.441931,15.266293,ISOorg,0,111,39,NOT,CEMAC,ACP,0,5,5
Cook Islands,CK,COK,837,-21.212901,-159.782306,UN,1,286,44,NOT,PACIFIC,ACP,0,1,1
Costa Rica,CR,CRI,436,9.928069,-84.090725,UN,1,153,50,NOT,CA,OTHER,0,1,1
Cote d'Ivoire,CI,CIV,272,6.816666667,-5.266667,ISOorg,0,100,43,NOT,ECOWAS,ACP,0,3,3
Cote D'Ivoire,CI,CIV,272,6.816666667,-5.266667,EU,0,100,43,NOT,ECOWAS,ACP,0,3,3
Côte d'Ivoire,CI,CIV,272,6.816666667,-5.266667,FAO,1,100,43,NOT,ECOWAS,ACP,0,3,3
Countries And Territ. Not Det.,ZZ,ZZZ,955,51.160523,71.470356,EU,0,295,256,NOT,OTHER WORLD OR NOT KNOWN,OTHER,0,21,4
Countries And Territ. Not Det.,ZZ,ZZZ,958,51.160523,71.470356,EU,0,295,256,NOT,OTHER WORLD OR NOT KNOWN,OTHER,0,21,3
Croatia,HR,HRV,92,45.815011,15.981919,UN,1,69,98,EU,EU,OTHER,3,1,1
Cuba,CU,CUB,448,23.05407,-82.345189,UN,1,158,52,NOT,WORLD,OTHER,0,1,1
Curacao,CW,CUW,478,12.1084,-68.93354,EU,0,185,54,NOT,OCT,OTHER,0,4,2
Curaçao,CW,CUW,475,12.1084,-68.93354,UN,0,185,54,NOT,OCT,OTHER,0,4,2
Cyprus,CY,CYP,600,35.185566,33.382276,ISOorg,1,205,56,EU,EU,OTHER,3,1,1
Czech Republic,CZ,CZE,61,50.075538,14.4378,ISOorg,0,47,57,EU,EU,OTHER,1,3,3
Czechia,CZ,CZE,61,50.075538,14.4378,FAO,1,47,57,EU,EU,OTHER,1,3,3
Czechoslovak,CZ,CZE,61,50.075538,14.4378,EU,0,47,57,EU,EU,OTHER,1,3,3
Dem. People's Republic of Korea,KP,PRK,724,39.039219,125.762524,UN,0,248,121,NOT,WORLD,OTHER,0,4,4
Democratic People's Republic of Korea,KP,PRK,724,39.039219,125.762524,FAO,0,248,121,NOT,WORLD,OTHER,0,4,4
Democratic Republic of the Congo,CD,COD,322,-4.441931,15.266293,FAO,1,111,39,NOT,CEMAC,ACP,0,5,5
Denmark,DK,DNK,8,55.676097,12.568337,ISOorg,1,8,60,EU,EU,OTHER,1,1,1
Djibouti,DJ,DJI,338,11.572077,43.145647,ISOorg,1,118,59,NOT,ESA,ACP,0,1,1
Dominica,DM,DMA,460,15.309168,-61.379355,UN,1,170,61,NOT,CARIFORUM,ACP,0,1,1
Dominican Republic,DO,DOM,456,18.486058,-69.931212,ISOorg,1,166,62,NOT,CARIFORUM,ACP,0,2,2
Dominican Republic (the),DO,DOM,456,18.486058,-69.931212,Jules,0,166,62,NOT,CARIFORUM,ACP,0,2,2
Ecuador,EC,ECU,500,-0.180653,-78.467838,UN,1,196,64,NOT,WORLD,OTHER,0,1,1
Egypt,EG,EGY,220,30.04442,31.235712,FAO,1,84,66,NOT,MAGHREB,OTHER,0,3,3
"Egypt, Arab Republic",EG,EGY,220,30.04442,31.235712,ISOorg,0,84,66,NOT,MAGHREB,OTHER,0,3,3
El Salvador,SV,SLV,428,13.69294,-89.218191,UN,1,151,213,NOT,CA,OTHER,0,1,1
Equatorial Guinea,GQ,GNQ,310,3.750412,8.737104,FAO,1,107,88,NOT,CEMAC,ACP,0,1,1
Eritrea,ER,ERI,336,15.322877,38.925052,ISOorg,1,117,68,NOT,ESA,ACP,0,1,1
Estonia,EE,EST,53,59.436961,24.753575,ISOorg,1,41,65,EU,EU,OTHER,1,1,1
Eswatini,SZ,SWZ,393,-26.305448,31.136672,FAO,1,139,216,NOT,SADC,ACP,0,2,2
Ethiopia,ET,ETH,334,8.980603,38.757761,ISOorg,1,116,70,NOT,ESA,ACP,0,1,1
Eu(28),EU,EUR,951,50.85034,4.35171,Tom,0,16,257,EU,EU,OTHER,0,7,5
European Union,EU,EUR,951,50.85034,4.35171,EU,1,16,257,EU,EU,OTHER,0,7,5
Falkland Islands,FK,FLK,893,-51.7,-57.85,EU,1,204,73,NOT,OCT,OTHER,0,3,2
Falkland Islands (Malvinas),FK,FLK,529,-51.7,-57.85,FAO,0,204,73,NOT,OCT,OTHER,0,3,1
Faroe Islands,FO,FRO,25,62.007864,-6.790982,FAO,1,21,75,NOT,OVERSEAS TERRITORY,OTHER,0,2,2
Faroe Isles,FO,FRO,25,62.007864,-6.790982,EU,0,21,75,NOT,OVERSEAS TERRITORY,OTHER,0,2,2
Fiji,FJ,FJI,815,-18.124809,178.450079,UN,1,268,72,NOT,PACIFIC,ACP,0,1,1
Finland,FI,FIN,32,60.173324,24.941025,ISOorg,1,25,71,EU,EU,OTHER,1,1,1
Fr. Guiana,GF,GUF,496,4.93333,-52.33333,EU,0,195,81,NOT,OVERSEAS TERRITORY,OTHER,0,3,3
France,FR,FRA,1,48.856614,2.352222,EU,1,1,76,EU,EU,OTHER,2,2,3
French Guiana,GF,GUF,496,4.93333,-52.33333,UN,1,195,81,NOT,OVERSEAS TERRITORY,OTHER,0,3,3
French Guyana,GF,GUF,496,4.93333,-52.33333,FAO,0,195,81,NOT,OVERSEAS TERRITORY,OTHER,0,3,3
French Polynesia,PF,PYF,822,-17.551625,-149.558476,UN,1,274,178,NOT,OCT,OTHER,0,1,1
French Southern Territories,TF,ATF,894,-21.3419,55.4778,FAO,1,294,219,NOT,OCT,OTHER,0,1,1
French Territories,FR,FRA,1,48.856614,2.352222,ISOorg,0,1,76,EU,EU,OTHER,2,2,3
French West Indies,GP,GLP,1,15.99854,-61.72548,Tom,0,168,87,EU,EU,OTHER,2,2,3
Gabon,GA,GAB,314,0.416198,9.467268,FAO,1,109,77,NOT,CEMAC,ACP,0,1,1
Gambia,GM,GMB,252,13.454876,-16.579032,ISOorg,1,95,85,NOT,ECOWAS,ACP,0,1,1
Georgia,GE,GEO,76,41.715138,44.827096,UN,1,59,80,NOT,EASTERN,OTHER,0,1,1
German Dem.R,DE,DEU,4,52.520007,13.404954,EU,0,4,58,EU,EU,OTHER,2,2,2
Germany,DE,DEU,4,52.520007,13.404954,UN,1,4,58,EU,EU,OTHER,2,2,2
Ghana,GH,GHA,276,5.603717,-0.186964,ISOorg,1,101,82,NOT,ECOWAS,ACP,0,1,1
Gibraltar,GI,GIB,44,36.140773,-5.353599,ISOorg,1,34,83,NOT,UK,OTHER,0,1,1
Greece,GR,GRC,9,37.983917,23.72936,ISOorg,1,9,89,EU,EU,OTHER,3,1,1
Greenland,GL,GRL,406,64.18141,-51.694138,UN,1,143,84,NOT,OVERSEAS TERRITORY,OTHER,0,1,1
Grenada,GD,GRD,473,12.056098,-61.7488,UN,1,183,79,NOT,CARIFORUM,ACP,0,1,1
Guadeloupe,GP,GLP,458,15.99854,-61.72548,UN,1,168,87,EU,EU,OTHER,2,2,1
Guam,GU,GUM,831,13.470891,144.751278,FAO,1,279,92,NOT,WORLD,OTHER,0,1,1
Guatemala,GT,GTM,416,14.634915,-90.506882,UN,1,148,91,NOT,CA,OTHER,0,1,1
Guinea,GN,GIN,260,9.641185,-13.578401,ISOorg,1,97,86,NOT,ECOWAS,ACP,0,1,1
Guinea Bissau,GW,GNB,257,11.881655,-15.617794,ISOorg,1,96,93,NOT,ECOWAS,ACP,0,2,2
Guinea-Bissau,GW,GNB,257,11.881655,-15.617794,UN,0,96,93,NOT,ECOWAS,ACP,0,2,2
Guyana,GY,GUY,488,6.801279,-58.155125,ISOorg,1,193,94,NOT,CARIFORUM,ACP,0,1,1
Haiti,HT,HTI,452,18.594395,-72.307433,FAO,1,162,99,NOT,CARIFORUM,ACP,0,1,1
Heard and McDonald Islands,HM,HMD,999,-90,-90,FAO,1,#N/A,96,NOT,WORLD,#N/A,0,1,12
Heard Island & Mcdonald Islan.,AU,AUS,802,-35.282,149.128684,EU,0,254,14,NOT,WORLD,OTHER,0,4,2
High Seas,ZZ,ZZZ,976,51.160523,71.470356,EU,0,295,256,NOT,OTHER WORLD OR NOT KNOWN,OTHER,0,21,3
High Seas,ZZ,ZZZ,955,51.160523,71.470356,EU,0,295,256,NOT,OTHER WORLD OR NOT KNOWN,OTHER,0,21,4
Holy See,VA,VAT,45,41.902784,12.496366,FAO,1,35,239,NOT,EU,OTHER,3,1,1
Honduras,HN,HND,424,14.072275,-87.192136,UN,1,150,97,NOT,CA,OTHER,0,1,1
Hong Kong,HK,HKG,740,22.396428,114.109497,EU,1,252,95,NOT,WORLD,OTHER,0,2,2
Hungary,HU,HUN,64,47.497912,19.040235,FAO,1,51,100,EU,EU,OTHER,1,1,1
Iceland,IS,ISL,24,64.126521,-21.817439,FAO,1,20,109,NOT,EEA,OTHER,0,1,1
India,IN,IND,664,28.613939,77.209021,ISOorg,1,226,105,NOT,WORLD,OTHER,0,1,1
Indonesia,ID,IDN,700,-6.208763,106.845599,FAO,1,240,101,NOT,WORLD,OTHER,0,1,1
Iran,IR,IRN,616,35.689198,51.388974,ISOorg,1,209,108,NOT,WORLD,OTHER,0,2,2
Iran (Islamic Republic of),IR,IRN,616,35.689198,51.388974,FAO,0,209,108,NOT,WORLD,OTHER,0,2,2
Iraq,IQ,IRQ,612,33.312806,44.361488,ISOorg,1,208,107,NOT,WORLD,OTHER,0,1,1
Ireland,IE,IRL,7,53.349805,-6.26031,ISOorg,1,7,102,EU,EU,OTHER,1,1,1
Isle of Man,IM,IMN,999,-90,-90,UN,1,#N/A,104,NOT,UK,#N/A,0,1,12
Israel,IL,ISR,624,32.0853,34.781768,ISOorg,1,210,103,NOT,WORLD,OTHER,0,1,1
Italy,IT,ITA,5,41.902784,12.496366,UN,1,5,110,EU,EU,OTHER,3,1,1
Jamaica,JM,JAM,450,18.042327,-76.802893,UN,1,160,111,NOT,CARIFORUM,ACP,0,5,1
Japan,JP,JPN,732,35.709026,139.731992,FAO,1,250,113,NOT,WORLD,OTHER,0,1,1
Johnston Island,JT,JTN,999,-90,-90,FAO,1,#N/A,114,NOT,WORLD,#N/A,0,1,12
Jordan,JO,JOR,628,31.956578,35.945695,FAO,1,213,112,NOT,WORLD,OTHER,0,1,1
Kazakhstan,KZ,KAZ,79,51.160523,71.470356,UN,1,62,125,NOT,WORLD,OTHER,0,1,1
Kenya,KE,KEN,346,-1.292066,36.821946,ISOorg,1,120,115,NOT,EAC,ACP,0,1,1
Kiribati,KI,KIR,812,1.451817,172.971662,FAO,1,265,118,NOT,PACIFIC AND AUSTRALASIA,OTHER,0,1,1
"Korea, DPR",KP,PRK,724,39.039219,125.762524,ISOorg,0,248,121,NOT,WORLD,OTHER,0,4,4
"Korea, Republic of",KR,KOR,728,37.566535,126.977969,ISOorg,0,249,122,NOT,WORLD,OTHER,0,3,3
Kosovo,XK,XKX,95,42.667542,21.166191,EU,1,72,249,NOT,WEST BALKANS,OTHER,0,1,1
Kuwait,KW,KWT,636,29.375859,47.977405,FAO,1,215,123,NOT,WORLD,OTHER,0,1,1
Kyrgyzstan,KG,KGZ,83,42.874621,74.569762,UN,1,66,116,NOT,WORLD,OTHER,0,1,1
Lao People's Democratic Republic,LA,LAO,684,17.975706,102.633104,FAO,0,234,126,NOT,NON-ACP LDC,OTHER,0,3,3
Laos,LA,LAO,684,17.975706,102.633104,EU,1,234,126,NOT,NON-ACP LDC,OTHER,0,3,3
"Laos, DPR",LA,LAO,684,17.975706,102.633104,ISOorg,0,234,126,NOT,NON-ACP LDC,OTHER,0,3,3
Latvia,LV,LVA,54,56.949649,24.105186,ISOorg,1,42,135,EU,EU,OTHER,1,1,1
Lebanon,LB,LBN,604,33.888629,35.495479,ISOorg,1,206,127,NOT,WORLD,OTHER,0,1,1
Lesotho,LS,LSO,395,-29.363219,27.51436,FAO,1,140,132,NOT,SADC,ACP,0,1,1
Liberia,LR,LBR,268,6.290743,-10.760524,ISOorg,1,99,131,NOT,ECOWAS,ACP,0,1,1
Libya,LY,LBY,216,32.887209,13.191338,FAO,1,83,136,NOT,MAGHREB,OTHER,0,2,2
Libyan Arab Jamahiriya,LY,LBY,216,32.887209,13.191338,ISOorg,0,83,136,NOT,MAGHREB,OTHER,0,2,2
Liechtenstein,LI,LIE,37,47.14103,9.520928,EU,1,27,129,NOT,EEA,OTHER,0,1,1
Lithuania,LT,LTU,55,54.687156,25.279651,ISOorg,1,43,133,EU,EU,OTHER,1,1,1
Luxembourg,LU,LUX,18,49.611621,6.131935,FAO,1,15,134,EU,EU,OTHER,2,1,1
Macao,MO,MAC,743,22.210928,113.552971,ISOorg,1,253,150,NOT,WORLD,OTHER,0,2,2
Macedonia Fyr,MK,MKD,96,41.99646,21.43141,Tom,0,73,146,NOT,WBA,OTHER,0,3,3
Madagascar,MG,MDG,370,-18.87919,47.507905,UN,1,126,142,NOT,ESA,ACP,0,1,1
Malawi,MW,MWI,386,-13.962612,33.774119,FAO,1,134,158,NOT,ESA,ACP,0,1,1
Malaysia,MY,MYS,701,3.139003,101.686855,FAO,1,241,160,NOT,WORLD,OTHER,0,1,1
Maldives,MV,MDV,667,4.175496,73.509347,ISOorg,1,228,157,NOT,WORLD,OTHER,0,1,1
Mali,ML,MLI,232,12.639232,-8.002889,ISOorg,1,89,147,NOT,ECOWAS,ACP,0,1,1
Malta,MT,MLT,46,35.898909,14.514553,FAO,1,36,155,EU,EU,OTHER,3,1,1
Marshall Islands,MH,MHL,824,7.116421,171.185774,UN,1,276,143,NOT,PACIFIC,ACP,0,1,1
Martinique,MQ,MTQ,462,14.60892,-61.07334,UN,1,172,152,EU,EU,OTHER,2,1,1
Mauritania,MR,MRT,228,18.07353,-15.958237,FAO,1,87,153,NOT,ECOWAS,ACP,0,1,1
Mauritius,MU,MUS,373,-20.166896,57.502332,ISOorg,1,128,156,NOT,ESA,ACP,0,1,1
Mayotte,YT,MYT,377,-12.780949,45.227872,FAO,1,131,252,NOT,OCT,OTHER,2,1,1
Melilla,MJ,MJE,23,35.292522,-2.936471,EU,1,19,145,NOT,EU,OTHER,3,1,1
Mexico,MX,MEX,412,19.432608,-99.133208,UN,1,145,159,NOT,WORLD,OTHER,0,1,1
Micronesia,FM,FSM,823,6.9173,158.1843,EU,1,275,74,NOT,PACIFIC AND AUSTRALASIA,OTHER,0,3,3
Micronesia (Fed. States of),FM,FSM,823,6.9173,158.1843,UN,0,275,74,NOT,PACIFIC AND AUSTRALASIA,OTHER,0,3,3
Micronesia (Federated States of),FM,FSM,823,6.9173,158.1843,FAO,0,275,74,NOT,PACIFIC AND AUSTRALASIA,OTHER,0,3,3
Midway Island,MI,MID,999,-90,-90,FAO,1,#N/A,144,NOT,WORLD,#N/A,0,1,12
Moldova,MD,MDA,74,47.010453,28.86381,ISOorg,1,57,139,NOT,EASTERN,OTHER,0,2,2
Monaco,MC,MCO,999,-90,-90,UN,1,#N/A,138,EU,EU,#N/A,0,1,12
Mongolia,MN,MNG,716,47.886399,106.905744,FAO,1,246,149,NOT,WORLD,OTHER,0,1,1
Montenegro,ME,MNE,97,42.43042,19.259364,ISOorg,1,74,140,NOT,WBA,OTHER,0,1,1
Montserrat,MS,MSR,470,16.706523,-62.215738,FAO,1,180,154,NOT,OVERSEAS TERRITORY,OTHER,0,1,1
Morocco,MA,MAR,201,33.97159,-6.849813,FAO,1,77,137,NOT,MAGHREB,OTHER,0,1,1
Mozambique,MZ,MOZ,366,-25.891968,32.605135,UN,1,125,161,NOT,SADC,ACP,0,1,1
Myanmar,MM,MMR,676,16.8,96.15,FAO,1,232,148,NOT,NON-ACP LDC,OTHER,0,1,1
N. Caledonia,NC,NCL,809,-22.27631,166.4572,EU,0,262,164,NOT,OVERSEAS TERRITORY,OTHER,0,2,2
N.Det.Extra,ZZ,ZZZ,958,51.160523,71.470356,EU,0,295,256,NOT,OTHER WORLD OR NOT KNOWN,OTHER,0,21,3
N.Det.Extra,ZZ,ZZZ,960,51.160523,71.470356,EU,0,295,256,NOT,OTHER WORLD OR NOT KNOWN,OTHER,0,21,1
N.Det.Intra,ZZ,,959,51.160523,71.470356,EU,0,295,256,NOT,OTHER WORLD OR NOT KNOWN,OTHER,0,21,2
N.Det.Intra,ZZ,,959,51.160523,71.470356,EU,0,295,256,NOT,OTHER WORLD OR NOT KNOWN,OTHER,0,21,2
N.Z Oceania,NZ,NZL,804,-41.28646,174.776236,EU,0,258,174,NOT,WORLD,OTHER,0,2,2
Namibia,NA,NAM,389,-22.560881,17.065755,FAO,1,136,163,NOT,SADC,ACP,0,1,1
Nauru,NR,NRU,803,0,0,UN,1,257,172,NOT,PACIFIC,ACP,0,1,1
Nepal,NP,NPL,672,27.717245,85.323961,ISOorg,1,230,171,NOT,NON-ACP LDC,OTHER,0,1,1
Netherlands,NL,NLD,3,52.370216,4.895168,UN,1,3,169,EU,EU,OTHER,2,1,1
Netherlands Antilles,CW,CUW,475,12.1084,-68.93354,EU,1,185,54,NOT,OCT,OTHER,0,4,2
Netherlands Antilles (former),AN,ANT,999,12.1084,-68.93354,FAO,1,187,8,NOT,OCT,OTHER,0,1,12
New Caledonia,NC,NCL,809,-22.27631,166.4572,FAO,1,262,164,NOT,OVERSEAS TERRITORY,OTHER,0,2,2
New Zealand,NZ,NZL,804,-41.28646,174.776236,ISOorg,1,258,174,NOT,WORLD,OTHER,0,2,2
Nicaragua,NI,NIC,432,12.114993,-86.236174,UN,1,152,168,NOT,CA,OTHER,0,1,1
Niger,NE,NER,240,13.511596,2.125385,ISOorg,1,91,165,NOT,ECOWAS,ACP,0,1,1
Nigeria,NG,NGA,288,9.076479,7.398574,ISOorg,1,104,167,NOT,ECOWAS,ACP,0,1,1
Niue,NU,NIU,838,-19.055371,-169.917871,UN,1,287,173,NOT,PACIFIC AND AUSTRALASIA,OTHER,0,1,2
Nl Antilles,CW,CUW,478,12.1084,-68.93354,EU,0,185,54,NOT,OCT,OTHER,0,4,2
Norfolk Island,NF,NFK,836,-29.056394,167.959588,FAO,1,285,166,NOT,PACIFIC AND AUSTRALASIA,OTHER,0,1,1
North Korea,KP,PRK,724,39.039219,125.762524,EU,1,248,121,NOT,WORLD,OTHER,0,4,4
North Macedonia,MK,MKD,96,41.99646,21.43141,FAO,1,73,146,NOT,WBA,OTHER,0,3,3
North.Mar.Is,MP,MNP,820,15.21233,145.7545,EU,0,273,151,NOT,PACIFIC AND AUSTRALASIA,OTHER,0,2,2
North/Northeast,BR,BRA,508,-15.794229,-47.882166,Tom,0,198,31,NOT,SOUTH AMERICA,OTHER,0,3,3
Northern Macedonia,MK,MKD,96,41.99646,21.43141,ISOorg,0,73,146,NOT,WBA,OTHER,0,3,3
Northern Mariana Islands,MP,MNP,820,15.21233,145.7545,UN,1,273,151,NOT,PACIFIC AND AUSTRALASIA,OTHER,0,2,2
Norway,NO,NOR,27,59.913869,10.752245,UN,1,22,170,NOT,EEA,OTHER,0,3,2
Oman,OM,OMN,649,23.58589,58.405923,FAO,1,219,175,NOT,WORLD,OTHER,0,1,1
Other Africa,EG,EGY,220,30.04442,31.235712,ISOorg,0,84,66,NOT,MAGHREB,OTHER,0,3,3
"Other Asia, not elsewhere specified",ZZ,ZZZ,838,51.160523,71.470356,EU,1,295,256,NOT,OTHER WORLD OR NOT KNOWN,OTHER,0,21,2
Other Carrebeans,TT,TTO,472,10.654901,-61.501926,ISOorg,0,182,229,NOT,CARIFORUM,ACP,0,4,4
Other Oceania,AU,AUS,802,-35.282,149.128684,ISOorg,0,254,14,NOT,WORLD,OTHER,0,4,2
P.Timor,TL,TLS,704,-8.55861,125.57361,EU,0,212,224,NOT,PACIFIC,ACP,0,3,2
Pacific Islands,ZZ,ZZZ,979,51.160523,71.470356,Tom,0,295,256,NOT,OTHER WORLD OR NOT KNOWN,OTHER,0,21,2
Pakistan,PK,PAK,662,33.729388,73.093146,ISOorg,1,225,181,NOT,WORLD,OTHER,0,1,1
Palau,PW,PLW,825,7.500384,134.624289,UN,1,277,188,NOT,PACIFIC AND AUSTRALASIA,OTHER,0,1,1
Palestinian Territories,PS,PSE,625,31.9073509,35.5354719,EU,0,211,186,NOT,WORLD,OTHER,0,2,2
Panama,PA,PAN,440,9.101179,-79.402864,UN,1,154,176,NOT,CA,OTHER,0,2,1
Panama Canal,PA,PAN,442,9.101179,-79.402864,EU,0,154,176,NOT,CA,OTHER,0,2,1
Papua New Guinea,PG,PNG,801,-9.4438,147.180267,FAO,1,255,179,NOT,PACIFIC,ACP,0,1,1
Paraguay,PY,PRY,520,-25.26374,-57.575926,UN,1,201,189,NOT,WORLD,OTHER,0,1,1
Persian Gulf,AE,ARE,647,24.299174,54.697277,ISOorg,0,218,2,NOT,WORLD,OTHER,0,2,2
Peru,PE,PER,504,-12.046374,-77.042793,UN,1,197,177,NOT,PERU,OTHER,0,1,1
Philippines,PH,PHL,708,14.599512,120.98422,FAO,1,245,180,NOT,WORLD,OTHER,0,1,1
Pitcairn,PN,PCN,813,-130.10147,-130.10147,FAO,1,266,184,NOT,PACIFIC AND AUSTRALASIA,OTHER,0,1,1
Poland,PL,POL,60,52.229676,21.012229,EU,1,46,182,EU,EU,OTHER,1,1,1
Polar Reg.,NO,NOR,28,59.913869,10.752245,EU,0,22,170,NOT,EEA,OTHER,0,3,1
Portugal,PT,PRT,10,38.722252,-9.139337,FAO,1,10,187,EU,EU,OTHER,3,1,1
Puerto Rico,PR,PRI,999,-90,-90,UN,1,#N/A,185,NOT,WORLD,#N/A,0,1,12
Qatar,QA,QAT,644,25.285447,51.53104,FAO,1,217,190,NOT,WORLD,OTHER,0,1,1
Republic of Korea,KR,KOR,728,37.566535,126.977969,FAO,0,249,122,NOT,WORLD,OTHER,0,3,3
Republic of Moldova,MD,MDA,74,47.010453,28.86381,FAO,0,57,139,NOT,EASTERN,OTHER,0,2,2
Reunion,RE,REU,372,48.93333,2.36667,EU,0,127,191,EU,EU,OTHER,2,2,2
Réunion,RE,REU,372,48.93333,2.36667,UN,1,127,191,EU,EU,OTHER,2,2,2
Romania,RO,ROU,66,44.426767,26.102538,FAO,1,52,192,EU,EU,OTHER,3,1,1
Russia,RU,RUS,75,55.755826,37.6173,ISOorg,1,44,194,NOT,WORLD,OTHER,0,2,1
Russian Federation,RU,RUS,56,55.755826,37.6173,FAO,0,44,194,NOT,WORLD,OTHER,0,2,1
Rwanda,RW,RWA,324,-1.957875,30.112735,FAO,1,112,195,NOT,EAC,ACP,0,1,1
S.Vietnam,VN,VNM,688,21.027764,105.83416,EU,0,235,244,NOT,WORLD,OTHER,0,4,1
Saint Barthelemy,BL,BLM,466,17.88333333,-62.85,EU,0,176,26,NOT,OCT,OTHER,0,2,2
Saint Barthélemy,BL,BLM,466,17.88333333,-62.85,UN,1,176,26,NOT,OCT,OTHER,0,2,2
Saint Helena,SH,SHN,329,-15.93333333,-5.716667,EU,1,114,202,NOT,OCT,OTHER,0,2,2
"Saint Helena, Ascension and Tristan da Cunha",SH,SHN,329,-15.93333333,-5.716667,FAO,0,114,202,NOT,OCT,OTHER,0,2,2
Saint Kitts and Nevis,KN,KNA,449,17.302606,-62.717692,UN,1,159,120,NOT,CARIFORUM,ACP,0,3,3
Saint Lucia,LC,LCA,465,14.010109,-60.987469,UN,1,175,128,NOT,CARIFORUM,ACP,0,2,2
Saint Martin (French part),MF,MAF,999,-90,-90,UN,1,#N/A,141,EU,EU,#N/A,0,1,12
Saint Pierre and Miquelon,PM,SPM,408,46.775846,-56.180636,UN,1,144,183,NOT,OCT,OTHER,0,2,2
Saint Pierre And Miquelon,PM,SPM,408,46.775846,-56.180636,EU,0,144,183,NOT,OCT,OTHER,0,2,2
Saint Vincent and the Grenadines,VC,VCT,467,13.160025,-61.224816,FAO,1,177,240,NOT,CARIFORUM,ACP,0,2,2
Samoa,WS,WSM,819,0,0,UN,1,272,248,NOT,PACIFIC,ACP,0,1,2
San Marino,SM,SMR,47,43.935591,12.447281,FAO,1,37,207,NOT,EU,OTHER,3,1,1
Sao Tome and Principe,ST,STP,311,0.333333333,6.733333,FAO,1,108,212,NOT,CEMAC,ACP,0,2,2
Sao Tome And Principe,ST,STP,311,0.333333333,6.733333,EU,0,108,212,NOT,CEMAC,ACP,0,2,2
Saudi Arabia,SA,SAU,632,24.749403,46.902838,FAO,1,214,196,NOT,WORLD,OTHER,0,1,1
Sec Countries,ZZ,ZZZ,955,51.160523,71.470356,EU,0,295,256,NOT,OTHER WORLD OR NOT KNOWN,OTHER,0,21,4
Sec Countries,ZZ,ZZZ,977,51.160523,71.470356,EU,0,295,256,NOT,OTHER WORLD OR NOT KNOWN,OTHER,0,21,1
Sec. Eur,EU,EUR,19,50.85034,4.35171,EU,0,16,257,EU,EU,OTHER,0,7,1
Sec. Eur,EU,EUR,975,50.85034,4.35171,EU,0,16,257,EU,EU,OTHER,0,7,1
Sec. Extra,ZZ,ZZZ,958,51.160523,71.470356,EU,0,295,256,NOT,OTHER WORLD OR NOT KNOWN,OTHER,0,21,3
Sec. Extra,ZZ,ZZZ,976,51.160523,71.470356,EU,0,295,256,NOT,OTHER WORLD OR NOT KNOWN,OTHER,0,21,3
Secr.Extra,ZZ,ZZZ,976,51.160523,71.470356,EU,0,295,256,NOT,OTHER WORLD OR NOT KNOWN,OTHER,0,21,3
Secr.Extra,ZZ,ZZZ,979,51.160523,71.470356,EU,0,295,256,NOT,OTHER WORLD OR NOT KNOWN,OTHER,0,21,2
Secr.Intra,EU,EUR,951,50.85034,4.35171,EU,0,16,257,EU,EU,OTHER,0,7,5
Secr.Intra,EU,EUR,978,50.85034,4.35171,EU,0,16,257,EU,EU,OTHER,0,7,1
Senegal,SN,SEN,248,14.764504,-17.366029,ISOorg,1,94,208,NOT,ECOWAS,ACP,0,1,1
Serbia,RS,SRB,48,44.786568,20.448922,UN,1,38,193,NOT,WBA,OTHER,0,5,3
Serbia & Montenegro,RS,SRB,48,44.786568,20.448922,ISOorg,0,38,193,NOT,WBA,OTHER,0,5,3
Serbia and Montenegro,RS,SCG,94,44.786568,20.448922,FAO,0,38,193,NOT,WBA,OTHER,0,5,1
Serbia And Montenegro Till 31/05/2005,RS,SRB,98,44.786568,20.448922,EU,0,38,193,NOT,WBA,OTHER,0,5,1
Seychelles,SC,SYC,355,-4.619143,55.451315,UN,1,123,198,NOT,ESA,ACP,0,1,1
Sierra Leone,SL,SLE,264,8.465677,-13.231722,ISOorg,1,98,206,NOT,ECOWAS,ACP,0,1,1
Singapore,SG,SGP,706,1.280095,103.850949,FAO,1,244,201,NOT,WORLD,OTHER,0,1,1
Sint Maarten,SX,SXM,479,18.01666667,-63.033333,EU,1,190,214,NOT,OCT,OTHER,0,2,2
Sint Maarten (Dutch part),SX,SXM,479,18.01666667,-63.033333,UN,0,190,214,NOT,OCT,OTHER,0,2,2
Slovakia,SK,SVK,63,48.145892,17.107137,FAO,1,50,205,EU,EU,OTHER,1,1,1
Slovenia,SI,SVN,91,46.056947,14.505751,UN,1,68,203,EU,EU,OTHER,3,1,1
Solomon Islands,SB,SLB,806,-9.445638,159.9729,FAO,1,259,197,NOT,PACIFIC AND AUSTRALASIA,OTHER,0,1,1
Somalia,SO,SOM,342,2.046934,45.318162,ISOorg,1,119,209,NOT,ESA,ACP,0,1,1
South Africa,ZA,ZAF,388,-26.205,28.04972,FAO,1,135,253,NOT,SADC,SOUTH AFRICA,0,1,1
South Georgia & S.Sandwich Is.,FK,FLK,893,-51.7,-57.85,EU,0,204,73,NOT,OCT,OTHER,0,3,2
South Georgia and the South Sandwich Islands,GS,SGS,999,-90,-90,FAO,1,#N/A,90,NOT,UK,#N/A,0,1,12
South Korea,KR,KOR,728,37.566535,126.977969,EU,1,249,122,NOT,WORLD,OTHER,0,3,3
South Sudan,SS,SSD,225,4.859363,31.57125,FAO,1,86,211,NOT,ESA,ACP,0,1,1
South Yemen,YE,YEM,656,15.369445,44.191007,EU,0,220,251,NOT,WORLD,OTHER,0,2,1
Spain,ES,ESP,11,40.416775,-3.70379,UN,1,11,69,EU,EU,OTHER,3,1,1
Sri Lanka,LK,LKA,669,6.89407,79.902478,ISOorg,1,229,130,NOT,WORLD,OTHER,0,1,1
St Christopher,KN,KNA,449,17.302606,-62.717692,ISOorg,0,159,120,NOT,CARIFORUM,ACP,0,3,3
St Kitts And Nevis,KN,KNA,449,17.302606,-62.717692,EU,0,159,120,NOT,CARIFORUM,ACP,0,3,3
St Lucia,LC,LCA,465,14.010109,-60.987469,EU,0,175,128,NOT,CARIFORUM,ACP,0,2,2
St Vincent And The Grenadines,VC,VCT,467,13.160025,-61.224816,EU,0,177,240,NOT,CARIFORUM,ACP,0,2,2
"St,P.Extra",ZZ,ZZZ,950,51.160523,71.470356,EU,0,295,256,NOT,OTHER WORLD OR NOT KNOWN,OTHER,0,21,2
"St,P.Extra",ZZ,ZZZ,952,51.160523,71.470356,EU,0,295,256,NOT,OTHER WORLD OR NOT KNOWN,OTHER,0,21,1
"St,P.Intra",EU,EUR,951,50.85034,4.35171,EU,0,16,257,EU,EU,OTHER,0,7,5
"St,P.Intra",ZZ,,951,51.160523,71.470356,EU,0,295,256,NOT,OTHER WORLD OR NOT KNOWN,OTHER,0,21,5
State of Palestine,PS,PSE,625,31.9073509,35.5354719,UN,1,211,186,NOT,WORLD,OTHER,0,2,2
Sudan,SD,SDN,224,15.500654,32.559899,FAO,1,85,199,NOT,ESA,ACP,0,2,2
Sudan (the),SD,SDN,224,15.500654,32.559899,Jules,0,85,199,NOT,ESA,ACP,0,2,2
Suriname,SR,SUR,492,5.852036,-55.203828,ISOorg,1,194,210,NOT,CARIFORUM,ACP,0,1,1
Svalbard and Jan Mayen Islands,SJ,SJM,999,-90,-90,FAO,1,#N/A,204,EU,EU,#N/A,0,1,12
Swaziland,SZ,SWZ,393,-26.305448,31.136672,Tom,0,139,216,NOT,SADC,ACP,0,2,2
Sweden,SE,SWE,30,59.329323,18.068581,ISOorg,1,24,200,EU,EU,OTHER,1,1,1
Switzerland,CH,CHE,36,46.947974,7.447447,UN,1,26,42,NOT,EEA,OTHER,0,1,1
Syria,SY,SYR,608,33.513807,36.276528,EU,1,207,215,NOT,WORLD,OTHER,0,2,2
Syrian Arab Republic,SY,SYR,608,33.513807,36.276528,ISOorg,0,207,215,NOT,WORLD,OTHER,0,2,2
Tadjikistan,TJ,TJK,82,38.559772,68.787038,ISOorg,0,65,222,NOT,WORLD,OTHER,0,2,2
Taiwan,TW,TWN,736,25.032969,121.565418,EU,1,251,231,NOT,WORLD,OTHER,0,4,4
Tajikistan,TJ,TJK,82,38.559772,68.787038,UN,1,65,222,NOT,WORLD,OTHER,0,2,2
Tanzania,TZ,TZA,352,-6.162959,35.751607,EU,1,122,232,NOT,EAC,ACP,0,4,4
"Tanzania, the United Republic of",TZ,TZA,352,-6.162959,35.751607,Jules,0,122,232,NOT,EAC,ACP,0,4,4
"Tanzania, United Rep.",TZ,TZA,352,-6.162959,35.751607,ISOorg,0,122,232,NOT,EAC,ACP,0,4,4
Thailand,TH,THA,680,13.756331,100.501765,FAO,1,233,221,NOT,WORLD,OTHER,0,1,1
Timor Leste,TL,TLS,626,-8.55861,125.57361,EU,1,212,224,NOT,PACIFIC,ACP,0,3,1
Timor-Leste,TL,TLS,704,-8.55861,125.57361,FAO,0,212,224,NOT,PACIFIC,ACP,0,3,2
Togo,TG,TGO,280,6.172497,1.231362,ISOorg,1,102,220,NOT,ECOWAS,ACP,0,1,1
Tokelau,TK,TKL,839,-9.2005,-171.848,UN,1,289,223,NOT,PACIFIC,ACP,0,1,1
Tonga,TO,TON,817,-21.139342,-175.204947,UN,1,270,227,NOT,PACIFIC AND AUSTRALASIA,OTHER,0,1,1
Trinidad & Tabago,TT,TTO,472,10.654901,-61.501926,ISOorg,0,182,229,NOT,CARIFORUM,ACP,0,4,4
Trinidad and Tobago,TT,TTO,472,10.654901,-61.501926,UN,1,182,229,NOT,CARIFORUM,ACP,0,4,4
Trinidad And Tobago,TT,TTO,472,10.654901,-61.501926,EU,0,182,229,NOT,CARIFORUM,ACP,0,4,4
Tunisia,TN,TUN,212,36.806495,10.181532,FAO,1,82,226,NOT,MAGHREB,OTHER,0,1,1
Turkey,TR,TUR,52,39.933364,32.859742,ISOorg,1,40,228,NOT,WORLD,OTHER,0,2,2
Türkiye,TR,TUR,52,39.933364,32.859742,FAO,0,40,228,NOT,WORLD,OTHER,0,2,2
Turkmenistan,TM,TKM,80,37.960077,58.326063,UN,1,63,225,NOT,WORLD,OTHER,0,1,1
Turks and Caicos Islands,TC,TCA,454,21.467458,-71.13891,FAO,1,164,217,NOT,OCT,OTHER,0,2,2
Turks And Caicos Islands,TC,TCA,454,21.467458,-71.13891,EU,0,164,217,NOT,OCT,OTHER,0,2,2
Tuvalu,TV,TUV,807,-8.520066,179.198128,FAO,1,260,230,NOT,PACIFIC AND AUSTRALASIA,OTHER,0,1,1
Uganda,UG,UGA,350,0.347596,32.58252,ISOorg,1,121,234,NOT,EAC,ACP,0,1,1
UK,GB,GBR,15,51.507351,-0.127758,ISOorg,0,6,78,EU,UK,OTHER,2,6,2
Ukraine,UA,UKR,72,50.4501,30.5234,FAO,1,55,233,NOT,EASTERN,OTHER,0,1,1
United Arab Emirates,AE,ARE,647,24.299174,54.697277,FAO,1,218,2,NOT,WORLD,OTHER,0,2,2
United Kingdom,GB,GBR,6,51.507351,-0.127758,EU,1,6,78,EU,UK,OTHER,2,6,3
United Kingdom (excluding Northern Ireland),GB,GBR,6,51.507351,-0.127758,EU,0,6,78,EU,UK,OTHER,2,6,3
United Kingdom (Northern Ireland),GB,GBR,15,51.507351,-0.127758,EU,0,6,78,EU,UK,OTHER,2,6,2
United Kingdom of Great Britain and Northern Ireland,GB,GBR,16,51.507351,-0.127758,FAO,0,6,78,EU,UK,OTHER,2,6,1
United Republic of Tanzania,TZ,TZA,352,-6.162959,35.751607,UN,0,122,232,NOT,EAC,ACP,0,4,4
United States,US,USA,808,38.907192,-77.036871,EU,1,141,236,NOT,WORLD,OTHER,0,5,2
United States Minor Outlying Islands,US,USA,810,38.907192,-77.036871,EU,0,141,236,NOT,WORLD,OTHER,0,5,2
United States of America,US,USA,808,38.907192,-77.036871,FAO,0,141,236,NOT,WORLD,OTHER,0,5,2
United States Virgin Islands,VI,VIR,999,-90,-90,UN,1,#N/A,243,NOT,WORLD,#N/A,0,1,12
Uruguay,UY,URY,524,-34.901113,-56.164531,UN,1,202,237,NOT,WORLD,OTHER,0,1,1
Us Minor Outlying Islands,UM,UMI,832,38.883333,-77,EU,1,280,235,NOT,PACIFIC AND AUSTRALASIA,OTHER,0,1,1
USA,US,USA,810,38.907192,-77.036871,ISOorg,0,141,236,NOT,WORLD,OTHER,0,5,2
Uzbekistan,UZ,UZB,81,41.299496,69.240073,UN,1,64,238,NOT,WORLD,OTHER,0,1,1
Vanuatu,VU,VUT,816,-17.733251,168.327325,UN,1,269,245,NOT,PACIFIC,ACP,0,1,1
Venezuela,VE,VEN,484,10.480594,-66.903606,ISOorg,1,192,241,NOT,WORLD,OTHER,0,2,2
Venezuela (Bolivarian Republic of),VE,VEN,484,10.480594,-66.903606,FAO,0,192,241,NOT,WORLD,OTHER,0,2,2
Viet Nam,VN,VNM,690,21.027764,105.83416,FAO,0,235,244,NOT,WORLD,OTHER,0,4,1
Vietnam,VN,VNM,692,21.027764,105.83416,EU,1,235,244,NOT,WORLD,OTHER,0,4,2
Vietnam SR,VN,VNM,692,21.027764,105.83416,ISOorg,0,235,244,NOT,WORLD,OTHER,0,4,2
Wake Island,WK,WAK,999,-90,-90,FAO,1,#N/A,247,NOT,WORLD,#N/A,0,1,12
Wallis And Futuna,WF,WLF,811,-13.282509,-176.176447,EU,0,264,246,NOT,OCT,OTHER,0,2,2
Wallis and Futuna Islands,WF,WLF,811,-13.282509,-176.176447,FAO,1,264,246,NOT,OCT,OTHER,0,2,2
West Indies,JM,JAM,471,18.042327,-76.802893,Tom,0,160,111,NOT,CARIFORUM,ACP,0,5,2
West Indies A,JM,JAM,471,18.042327,-76.802893,EU,0,160,111,NOT,CARIFORUM,ACP,0,5,2
West Indies B,JM,JAM,464,18.042327,-76.802893,EU,0,160,111,NOT,CARIFORUM,ACP,0,5,2
West Indies C,JM,JAM,464,18.042327,-76.802893,EU,0,160,111,NOT,CARIFORUM,ACP,0,5,2
Western Sahara,EH,ESH,229,27.125287,-13.1625,FAO,1,88,67,NOT,SUBSAHARA (WEST),OTHER,0,1,1
World,ZZ,ZZZ,955,51.160523,71.470356,EU,0,295,256,NOT,OTHER WORLD OR NOT KNOWN,OTHER,0,21,4
World,ZZ,ZZZ,950,51.160523,71.470356,EU,1,295,256,NOT,OTHER WORLD OR NOT KNOWN,OTHER,0,21,2
Yemen,YE,YEM,652,15.369445,44.191007,ISOorg,1,220,251,NOT,WORLD,OTHER,0,2,1
Yugoslavia,RS,SRB,48,44.786568,20.448922,EU,0,38,193,NOT,WBA,OTHER,0,5,3
Zambia,ZM,ZMB,378,-15.387526,28.322817,FAO,1,132,254,NOT,ESA,ACP,0,1,1
Zimbabwe,ZW,ZWE,382,-17.825166,31.03351,FAO,1,133,255,NOT,ESA,ACP,0,1,1
