ISO2,Country name,BeetCane,RV_factor,ISO3,ACPNOT,EUNOT,TRADE_BLOC,BREXIT_ID,EU_NUMBER,EU_REGION,DECL_GROUP,UKR,subregion,lat_sr,long_sr
AD,Andorra,Beet,0.92,AND,OTHER,NOT,EU,NOT,43,3,IBERIA,EU and EEA,Southern Europe,41.62067113,11.75807338
AE,United Arab Emirates,Beet,0.92,ARE,OTHER,NOT,WORLD,NOT,647,0,THIRD COUNTRY,OTHER,Western Asia,30.94740894,43.45426694
AF,Afghanistan,Cane,0.98,AFG,ACP,NOT,NON-ACP LDC,NOT,660,0,THIRD COUNTRY,ACP,Southern Asia,23.11176311,76.51249022
AG,Antigua And Barbuda,Cane,0.98,ATG,ACP,NOT,CARIFORUM,NOT,459,0,THIRD COUNTRY,ACP,Caribbean,16.98064339,-66.62246461
AI,Anguilla,Cane,0.98,AIA,OTHER,NOT,OCT,NOT,446,0,THIRD COUNTRY,OTHER,Caribbean,16.98064339,-66.62246461
AL,Albania,Beet,0.92,ALB,OTHER,NOT,WBA,NOT,70,0,EUROPE,West Balkans,Southern Europe,41.62067113,11.75807338
AM,Armenia,Beet,0.92,ARM,OTHER,NOT,EASTERN,NOT,77,0,THIRD COUNTRY,OTHER,Western Asia,30.94740894,43.45426694
AN,Netherlands Antilles,Cane,0.98,CUW,OTHER,NOT,OCT,NOT,476,0,THIRD COUNTRY,OTHER,dunno,90,90
AO,Angola,Cane,0.98,AGO,ACP,NOT,SADC,NOT,330,0,THIRD COUNTRY,ACP,Middle Africa,1.666602778,15.10855589
AQ,Antarctica,Beet,0.92,ATA,OTHER,NOT,WORLD,NOT,891,0,THIRD COUNTRY,OTHER,dunno,90,90
AR,Argentina,Cane,0.98,ARG,OTHER,NOT,WORLD,NOT,528,0,THIRD COUNTRY,OTHER,South America,-19.28398081,-57.48443344
AS,American Samoa,Cane,0.98,ASM,OTHER,NOT,PACIFIC AND AUSTRALASIA,NOT,830,0,THIRD COUNTRY,OTHER,Polynesia,-16.1729175,-129.5288791
AT,Austria,Beet,0.92,AUT,OTHER,EU,EU,EU,38,1,CENTRAL EUROPE,EU and EEA,Western Europe,48.34398211,7.589095333
AU,Australia,Cane,0.98,AUS,OTHER,NOT,WORLD,NOT,800,0,THIRD COUNTRY,Australia,Australia and New Zealand,-28.48488167,125.446897
AW,Aruba,Cane,0.98,ABW,OTHER,NOT,OCT,NOT,474,0,THIRD COUNTRY,OTHER,Caribbean,16.98064339,-66.62246461
AZ,Azerbaijan,Beet,0.92,AZE,OTHER,NOT,EASTERN,NOT,78,0,THIRD COUNTRY,OTHER,Western Asia,30.94740894,43.45426694
BA,Bosnia,Beet,0.92,BIH,OTHER,NOT,WBA,NOT,93,0,WBA,West Balkans,Southern Europe,41.62067113,11.75807338
BB,Barbados,Cane,0.98,BRB,ACP,NOT,CARIFORUM,NOT,469,0,THIRD COUNTRY,ACP,Caribbean,16.98064339,-66.62246461
BD,Bangladesh,Cane,0.98,BGD,ACP,NOT,NON-ACP LDC,NOT,666,0,THIRD COUNTRY,ACP,Southern Asia,23.11176311,76.51249022
BE,Belgium,Beet,0.92,BEL,OTHER,EU,EU,EU,17,2,BENELUX,EU and EEA,Western Europe,48.34398211,7.589095333
BF,Burkina Faso,Cane,0.98,BFA,ACP,NOT,ECOWAS,NOT,236,0,THIRD COUNTRY,ACP,Western Africa,9.844564059,-6.650832294
BG,Bulgaria,Beet,0.92,BGR,OTHER,EU,EU,EU,68,3,SOUTH EAST EUROPE,EU and EEA,Eastern Europe,49.7270375,31.7080626
BH,Bahrain,Cane,0.98,BHR,OTHER,NOT,WORLD,NOT,640,0,THIRD COUNTRY,OTHER,Western Asia,30.94740894,43.45426694
BI,Burundi,Cane,0.98,BDI,ACP,NOT,EAC,NOT,328,0,THIRD COUNTRY,ACP,Eastern Africa,-8.492208667,43.16611414
BJ,Benin,Cane,0.98,BEN,ACP,NOT,ECOWAS,NOT,284,0,THIRD COUNTRY,ACP,Western Africa,9.844564059,-6.650832294
BL,Saint Barthelemy,Cane,0.98,BLM,OTHER,NOT,OCT,NOT,466,0,THIRD COUNTRY,OTHER,dunno,90,90
BM,Bermuda,Cane,0.98,BMU,OTHER,NOT,OCT,NOT,413,0,THIRD COUNTRY,OTHER,Northern America,48.8381724,-73.138489
BN,Brunei,Cane,0.98,BRN,OTHER,NOT,WORLD,NOT,703,0,THIRD COUNTRY,OTHER,South-eastern Asia,8.870758455,108.6053251
BO,Bolivia,Cane,0.98,BOL,OTHER,NOT,WORLD,NOT,516,0,THIRD COUNTRY,OTHER,South America,-19.28398081,-57.48443344
BQ,"Bonaire, Sint Eustatius And Saba",Cane,0.98,BES,OTHER,NOT,OCT,NOT,477,0,THIRD COUNTRY,OTHER,dunno,90,90
BR,Brazil,Cane,0.98,BRA,OTHER,NOT,SOUTH AMERICA,NOT,508,0,THIRD COUNTRY,Brazil,South America,-19.28398081,-57.48443344
BS,Bahamas,Cane,0.98,BHS,ACP,NOT,CARIFORUM,NOT,453,0,THIRD COUNTRY,ACP,Caribbean,16.98064339,-66.62246461
BT,Bhutan,Cane,0.98,BTN,OTHER,NOT,INDIAN SUBCONTINENT,NOT,675,0,THIRD COUNTRY,OTHER,Southern Asia,23.11176311,76.51249022
BW,Botswana,Cane,0.98,BWA,ACP,NOT,SADC,NOT,391,0,THIRD COUNTRY,ACP,Southern Africa,-26.3956174,25.1624512
BY,Belarus,Beet,0.92,BLR,OTHER,NOT,EASTERN,NOT,73,0,THIRD COUNTRY,OTHER,Eastern Europe,49.7270375,31.7080626
BZ,Belize,Cane,0.98,BLZ,ACP,NOT,CARIFORUM,NOT,421,0,THIRD COUNTRY,ACP,Central America,14.59429338,-88.2703015
CA,Canada,Beet,0.92,CAN,OTHER,NOT,USCANMEX,NOT,404,0,THIRD COUNTRY,OTHER,Northern America,48.8381724,-73.138489
CC,Cocos (Keeling) Islands,Cane,0.98,CCK,OTHER,NOT,PACIFIC AND AUSTRALASIA,NOT,833,0,THIRD COUNTRY,OTHER,Australia and New Zealand,-28.48488167,125.446897
CD,Congo Dr,Cane,0.98,COD,ACP,NOT,CEMAC,NOT,322,0,THIRD COUNTRY,ACP,Middle Africa,1.666602778,15.10855589
CF,Central African Republic,Cane,0.98,CAF,ACP,NOT,CEMAC,NOT,306,0,THIRD COUNTRY,ACP,Middle Africa,1.666602778,15.10855589
CG,Congo,Cane,0.98,COG,ACP,NOT,CEMAC,NOT,318,0,THIRD COUNTRY,ACP,Middle Africa,1.666602778,15.10855589
CH,Switzerland,Beet,0.92,CHE,OTHER,NOT,EEA,EEA,36,0,EEA,EU and EEA,Western Europe,48.34398211,7.589095333
CI,Cote D'Ivoire,Cane,0.98,CIV,ACP,NOT,ECOWAS,NOT,272,0,THIRD COUNTRY,ACP,Western Africa,9.844564059,-6.650832294
CK,Cook Islands,Cane,0.98,COK,ACP,NOT,PACIFIC,NOT,837,0,THIRD COUNTRY,ACP,Polynesia,-16.1729175,-129.5288791
CL,Chile,Beet,0.92,CHL,OTHER,NOT,WORLD,NOT,512,0,THIRD COUNTRY,OTHER,South America,-19.28398081,-57.48443344
CM,Cameroon,Cane,0.98,CMR,ACP,NOT,CEMAC,NOT,302,0,THIRD COUNTRY,ACP,Middle Africa,1.666602778,15.10855589
CN,China,FiftyFifty,0.95,CHN,OTHER,NOT,WORLD,NOT,720,0,THIRD COUNTRY,OTHER,Eastern Asia,32.9336965,118.7732346
CO,Colombia,Cane,0.98,COL,OTHER,NOT,COLOMBIA,NOT,480,0,THIRD COUNTRY,Andean Community,South America,-19.28398081,-57.48443344
CQ,Canary Islands,Cane,0.98,CQI,OTHER,EU,EU,NOT,21,3,IBERIA,EU and EEA,dunno,90,90
CR,Costa Rica,Cane,0.98,CRI,OTHER,NOT,CA,NOT,436,0,THIRD COUNTRY,Central America,Central America,14.59429338,-88.2703015
CU,Cuba,Beet,0.92,CUB,OTHER,NOT,WORLD,NOT,448,0,THIRD COUNTRY,OTHER,Caribbean,16.98064339,-66.62246461
CV,Cabo Verde,Cane,0.98,CPV,ACP,NOT,ECOWAS,NOT,247,0,THIRD COUNTRY,ACP,Western Africa,9.844564059,-6.650832294
CW,Curacao,Cane,0.98,CUW,OTHER,NOT,OCT,NOT,475,0,THIRD COUNTRY,OTHER,dunno,90,90
CX,Christmas Island,Cane,0.98,CXR,OTHER,NOT,PACIFIC AND AUSTRALASIA,NOT,834,0,THIRD COUNTRY,OTHER,Australia and New Zealand,-28.48488167,125.446897
CY,Cyprus,Beet,0.92,CYP,OTHER,EU,EU,EU,600,3,SOUTH EAST EUROPE,EU and EEA,Western Asia,30.94740894,43.45426694
CZ,Czechia,Beet,0.92,CZE,OTHER,EU,EU,EU,61,1,CENTRAL EUROPE,EU and EEA,Eastern Europe,49.7270375,31.7080626
DE,Germany,Beet,0.92,DEU,OTHER,EU,EU,EU,4,2,GERMANY,EU and EEA,Western Europe,48.34398211,7.589095333
DJ,Djibouti,Beet,0.92,DJI,ACP,NOT,ESA,NOT,338,0,THIRD COUNTRY,ACP,Eastern Africa,-8.492208667,43.16611414
DK,Denmark,Beet,0.92,DNK,OTHER,EU,EU,EU,8,1,SCANDINAVIA,EU and EEA,Northern Europe,59.75914754,9.028474308
DM,Dominica,Beet,0.92,DMA,ACP,NOT,CARIFORUM,NOT,460,0,THIRD COUNTRY,ACP,Caribbean,16.98064339,-66.62246461
DO,Dominican Republic,Cane,0.98,DOM,ACP,NOT,CARIFORUM,NOT,456,0,THIRD COUNTRY,ACP,Caribbean,16.98064339,-66.62246461
DZ,Algeria,Cane,0.98,DZA,OTHER,NOT,MAGHREB,NOT,208,0,THIRD COUNTRY,OTHER,Northern Africa,26.27807029,9.923876571
EC,Ecuador,Beet,0.92,ECU,OTHER,NOT,WORLD,NOT,500,0,THIRD COUNTRY,Andean Community,South America,-19.28398081,-57.48443344
EE,Estonia,Beet,0.92,EST,OTHER,EU,EU,EU,53,1,BALTIC STATES,EU and EEA,Northern Europe,59.75914754,9.028474308
EG,Egypt,Beet,0.92,EGY,OTHER,NOT,MAGHREB,NOT,220,0,THIRD COUNTRY,OTHER,Northern Africa,26.27807029,9.923876571
EH,Western Sahara,FiftyFifty,0.95,ESH,OTHER,NOT,SUBSAHARA (WEST),NOT,229,0,THIRD COUNTRY,OTHER,Northern Africa,26.27807029,9.923876571
ER,Eritrea,Cane,0.98,ERI,ACP,NOT,ESA,NOT,336,0,THIRD COUNTRY,ACP,Eastern Africa,-8.492208667,43.16611414
ES,Spain,Beet,0.92,ESP,OTHER,EU,EU,EU,11,3,IBERIA,EU and EEA,Southern Europe,41.62067113,11.75807338
ET,Ethiopia,Beet,0.92,ETH,ACP,NOT,ESA,NOT,334,0,THIRD COUNTRY,ACP,Eastern Africa,-8.492208667,43.16611414
FI,Finland,Beet,0.92,FIN,OTHER,EU,EU,EU,32,1,SCANDINAVIA,EU and EEA,Northern Europe,59.75914754,9.028474308
FJ,Fiji,Beet,0.92,FJI,ACP,NOT,PACIFIC,NOT,815,0,THIRD COUNTRY,ACP,Melanesia,-13.7639814,163.2206714
FK,Falkland Islands,Cane,0.98,FLK,OTHER,NOT,OCT,NOT,529,0,THIRD COUNTRY,OTHER,South America,-19.28398081,-57.48443344
FM,Micronesia,Beet,0.92,FSM,OTHER,NOT,PACIFIC AND AUSTRALASIA,NOT,823,0,THIRD COUNTRY,OTHER,Micronesia,6.993421,106.3848136
FO,Faroe Islands,Cane,0.98,FRO,OTHER,NOT,EEA,EEA,25,0,SCANDINAVIA,EU and EEA,Northern Europe,59.75914754,9.028474308
FR,France,Beet,0.92,FRA,OTHER,EU,EU,EU,1,2,FRANCE,EU and EEA,Western Europe,48.34398211,7.589095333
GA,Gabon,Beet,0.92,GAB,ACP,NOT,CEMAC,NOT,314,0,THIRD COUNTRY,ACP,Middle Africa,1.666602778,15.10855589
GB,UK,Beet,0.92,GBR,OTHER,EU,UK,UK,6,2,UK and IRL,EU and EEA,Northern Europe,59.75914754,9.028474308
GD,Grenada,Beet,0.92,GRD,ACP,NOT,CARIFORUM,NOT,473,0,THIRD COUNTRY,ACP,Caribbean,16.98064339,-66.62246461
GE,Georgia,Cane,0.98,GEO,OTHER,NOT,EASTERN,NOT,76,0,THIRD COUNTRY,OTHER,Western Asia,30.94740894,43.45426694
GF,Fr. Guiana,Beet,0.92,GUF,OTHER,NOT,OVERSEAS TERRITORY,NOT,496,0,THIRD COUNTRY,OTHER,South America,-19.28398081,-57.48443344
GH,Ghana,Cane,0.98,GHA,ACP,NOT,ECOWAS,NOT,276,0,THIRD COUNTRY,ACP,Western Africa,9.844564059,-6.650832294
GI,Gibraltar,Beet,0.92,GIB,OTHER,NOT,UK,NOT,44,0,UK and IRL,EU and EEA,Southern Europe,41.62067113,11.75807338
GL,Greenland,Beet,0.92,GRL,OTHER,NOT,OVERSEAS TERRITORY,NOT,406,0,SCANDINAVIA,OTHER,Northern America,48.8381724,-73.138489
GM,Gambia,Beet,0.92,GMB,ACP,NOT,ECOWAS,NOT,252,0,THIRD COUNTRY,ACP,Western Africa,9.844564059,-6.650832294
GN,Guinea,Cane,0.98,GIN,ACP,NOT,ECOWAS,NOT,260,0,THIRD COUNTRY,ACP,Western Africa,9.844564059,-6.650832294
GP,Guadeloupe,Cane,0.98,GLP,OTHER,EU,EU,EU,458,2,FRANCE,EU and EEA,Caribbean,16.98064339,-66.62246461
GQ,Equatorial Guinea,Cane,0.98,GNQ,ACP,NOT,CEMAC,NOT,310,0,THIRD COUNTRY,ACP,Middle Africa,1.666602778,15.10855589
GR,Greece,Beet,0.92,GRC,OTHER,EU,EU,EU,9,3,SOUTH EAST EUROPE,EU and EEA,Southern Europe,41.62067113,11.75807338
GS,South Georgia and the South Sandwich Islands,Beet,0.92,SGS,OTHER,NOT,NOT,NOT,529,0,THIRD COUNTRY,OTHER,South America,-19.28398081,-57.48443344
GT,Guatemala,Beet,0.92,GTM,OTHER,NOT,CA,NOT,416,0,THIRD COUNTRY,Central America,Central America,14.59429338,-88.2703015
GU,French Guiana,Cane,0.98,GUM,OTHER,NOT,WORLD,NOT,831,0,THIRD COUNTRY,OTHER,Micronesia,6.993421,106.3848136
GW,Guinea Bissau,Beet,0.92,GNB,ACP,NOT,ECOWAS,NOT,257,0,THIRD COUNTRY,ACP,Western Africa,9.844564059,-6.650832294
GY,Guyana,Cane,0.98,GUY,ACP,NOT,CARIFORUM,NOT,488,0,THIRD COUNTRY,ACP,South America,-19.28398081,-57.48443344
HK,Hong Kong,Cane,0.98,HKG,OTHER,NOT,WORLD,NOT,740,0,THIRD COUNTRY,OTHER,Eastern Asia,32.9336965,118.7732346
HM,Heard and McDonald Islands,Beet,0.92,HMD,OTHER,NOT,NOT,NOT,800,0,THIRD COUNTRY,OTHER,Australia and New Zealand,-28.48488167,125.446897
HN,Honduras,Beet,0.92,HND,OTHER,NOT,CA,NOT,424,0,THIRD COUNTRY,Central America,Central America,14.59429338,-88.2703015
HR,Croatia,Beet,0.92,HRV,OTHER,EU,EU,EU,92,3,SOUTH EAST EUROPE,EU and EEA,Southern Europe,41.62067113,11.75807338
HT,Haiti,Beet,0.92,HTI,ACP,NOT,CARIFORUM,NOT,452,0,THIRD COUNTRY,ACP,Caribbean,16.98064339,-66.62246461
HU,Hungary,Beet,0.92,HUN,OTHER,EU,EU,EU,64,1,CENTRAL EUROPE,EU and EEA,Eastern Europe,49.7270375,31.7080626
ID,Indonesia,Beet,0.92,IDN,OTHER,NOT,WORLD,NOT,700,0,THIRD COUNTRY,OTHER,South-eastern Asia,8.870758455,108.6053251
IE,Ireland,Beet,0.92,IRL,OTHER,EU,EU,EU,7,1,UK and IRL,EU and EEA,Northern Europe,59.75914754,9.028474308
IL,Israel,Beet,0.92,ISR,OTHER,NOT,WORLD,NOT,624,0,THIRD COUNTRY,OTHER,Western Asia,30.94740894,43.45426694
IM,Isle of Man,Beet,0.92,IMN,OTHER,NOT,NOT,NOT,6,0,THIRD COUNTRY,OTHER,Northern Europe,59.75914754,9.028474308
IN,India,Beet,0.92,IND,OTHER,NOT,WORLD,NOT,664,0,THIRD COUNTRY,OTHER,Southern Asia,23.11176311,76.51249022
IO,British Indian Ocean Territory,Cane,0.98,IOT,OTHER,NOT,OVERSEAS TERRITORY,NOT,357,0,THIRD COUNTRY,OTHER,Eastern Africa,-8.492208667,43.16611414
IQ,Iraq,Cane,0.98,IRQ,OTHER,NOT,WORLD,NOT,612,0,THIRD COUNTRY,OTHER,Western Asia,30.94740894,43.45426694
IR,Iran,Beet,0.92,IRN,OTHER,NOT,WORLD,NOT,616,0,THIRD COUNTRY,OTHER,Southern Asia,23.11176311,76.51249022
IS,Iceland,Beet,0.92,ISL,OTHER,NOT,EEA,EEA,24,0,SCANDINAVIA,EU and EEA,Northern Europe,59.75914754,9.028474308
IT,Italy,Beet,0.92,ITA,OTHER,EU,EU,EU,5,3,ITALY,EU and EEA,Southern Europe,41.62067113,11.75807338
JM,Jamaica,Beet,0.92,JAM,ACP,NOT,CARIFORUM,NOT,450,0,THIRD COUNTRY,ACP,Caribbean,16.98064339,-66.62246461
JO,Jordan,Cane,0.98,JOR,OTHER,NOT,WORLD,NOT,628,0,THIRD COUNTRY,OTHER,Western Asia,30.94740894,43.45426694
JP,Japan,Beet,0.92,JPN,OTHER,NOT,WORLD,NOT,732,0,THIRD COUNTRY,OTHER,Eastern Asia,32.9336965,118.7732346
JT,Johnston Island,Beet,0.92,JTN,OTHER,NOT,NOT,NOT,800,0,THIRD COUNTRY,OTHER,dunno,90,90
KE,Kenya,Beet,0.92,KEN,ACP,NOT,EAC,NOT,346,0,THIRD COUNTRY,ACP,Eastern Africa,-8.492208667,43.16611414
KG,Kyrgyzstan,Cane,0.98,KGZ,OTHER,NOT,CIS,NOT,83,0,THIRD COUNTRY,OTHER,Central Asia,41.6864394,67.421483
KH,Cambodia,Beet,0.92,KHM,ACP,NOT,NON-ACP LDC,NOT,696,0,THIRD COUNTRY,ACP,South-eastern Asia,8.870758455,108.6053251
KI,Kiribati,Cane,0.98,KIR,OTHER,NOT,PACIFIC AND AUSTRALASIA,NOT,812,0,THIRD COUNTRY,OTHER,Micronesia,6.993421,106.3848136
KM,Comoros,Cane,0.98,COM,ACP,NOT,ESA,NOT,375,0,THIRD COUNTRY,ACP,Eastern Africa,-8.492208667,43.16611414
KN,Saint Kitts and Nevis,Cane,0.98,KNA,ACP,NOT,CARIFORUM,NOT,449,0,THIRD COUNTRY,ACP,Caribbean,16.98064339,-66.62246461
KP,North Korea,Cane,0.98,PRK,OTHER,NOT,WORLD,NOT,724,0,THIRD COUNTRY,OTHER,Eastern Asia,32.9336965,118.7732346
KR,South Korea,Beet,0.92,KOR,OTHER,NOT,WORLD,NOT,728,0,THIRD COUNTRY,OTHER,Eastern Asia,32.9336965,118.7732346
KW,Kuwait,Beet,0.92,KWT,OTHER,NOT,WORLD,NOT,636,0,THIRD COUNTRY,OTHER,Western Asia,30.94740894,43.45426694
KY,Cayman Islands,Beet,0.92,CYM,OTHER,NOT,OCT,NOT,463,0,THIRD COUNTRY,OTHER,Caribbean,16.98064339,-66.62246461
KZ,Kazakhstan,Cane,0.98,KAZ,OTHER,NOT,CIS,NOT,79,0,THIRD COUNTRY,OTHER,Central Asia,41.6864394,67.421483
LA,Laos,Beet,0.92,LAO,ACP,NOT,NON-ACP LDC,NOT,684,0,THIRD COUNTRY,ACP,South-eastern Asia,8.870758455,108.6053251
LB,Lebanon,Cane,0.98,LBN,OTHER,NOT,WORLD,NOT,604,0,THIRD COUNTRY,OTHER,Western Asia,30.94740894,43.45426694
LC,Saint Lucia,Beet,0.92,LCA,ACP,NOT,CARIFORUM,NOT,465,0,THIRD COUNTRY,ACP,Caribbean,16.98064339,-66.62246461
LI,Liechtenstein,Cane,0.98,LIE,OTHER,NOT,EEA,EEA,37,0,EEA,EU and EEA,Western Europe,48.34398211,7.589095333
LK,Sri Lanka,Beet,0.92,LKA,OTHER,NOT,WORLD,NOT,669,0,THIRD COUNTRY,OTHER,Southern Asia,23.11176311,76.51249022
LR,Liberia,Cane,0.98,LBR,ACP,NOT,ECOWAS,NOT,268,0,THIRD COUNTRY,ACP,Western Africa,9.844564059,-6.650832294
LS,Lesotho,Cane,0.98,LSO,ACP,NOT,SADC,NOT,395,0,THIRD COUNTRY,ACP,Southern Africa,-26.3956174,25.1624512
LT,Lithuania,Beet,0.92,LTU,OTHER,EU,EU,EU,55,1,BALTIC STATES,EU and EEA,Northern Europe,59.75914754,9.028474308
LU,Luxembourg,Beet,0.92,LUX,OTHER,EU,EU,EU,18,2,BENELUX,EU and EEA,Western Europe,48.34398211,7.589095333
LV,Latvia,Beet,0.92,LVA,OTHER,EU,EU,EU,54,1,BALTIC STATES,EU and EEA,Northern Europe,59.75914754,9.028474308
LY,Libya,Beet,0.92,LBY,OTHER,NOT,MAGHREB,NOT,216,0,THIRD COUNTRY,OTHER,Northern Africa,26.27807029,9.923876571
MA,Morocco,Beet,0.92,MAR,OTHER,NOT,MAGHREB,NOT,201,0,THIRD COUNTRY,OTHER,Northern Africa,26.27807029,9.923876571
MC,Monaco,FiftyFifty,0.95,MCO,OTHER,NOT,NOT,NOT,1,0,THIRD COUNTRY,OTHER,Western Europe,48.34398211,7.589095333
MD,Moldova,Beet,0.92,MDA,OTHER,NOT,EASTERN,NOT,74,0,THIRD COUNTRY,OTHER,Eastern Europe,49.7270375,31.7080626
ME,Montenegro,Beet,0.92,MNE,OTHER,NOT,WBA,NOT,97,0,WBA,West Balkans,Southern Europe,41.62067113,11.75807338
MG,Madagascar,Beet,0.92,MDG,ACP,NOT,ESA,NOT,370,0,THIRD COUNTRY,ACP,Eastern Africa,-8.492208667,43.16611414
MH,Marshall Islands,Cane,0.98,MHL,ACP,NOT,PACIFIC,NOT,824,0,THIRD COUNTRY,ACP,Micronesia,6.993421,106.3848136
MI,Midway Island,Cane,0.98,MID,OTHER,NOT,NOT,NOT,800,0,THIRD COUNTRY,OTHER,dunno,90,90
MJ,Melilla,Beet,0.92,ESP,OTHER,EU,EU,EU,11,3,IBERIA,EU and EEA,Southern Europe,41.62067113,11.75807338
MK,North Macedonia,Cane,0.98,MKD,OTHER,NOT,WBA,NOT,96,0,WBA,West Balkans,Southern Europe,41.62067113,11.75807338
ML,Mali,Beet,0.92,MLI,ACP,NOT,ECOWAS,NOT,232,0,THIRD COUNTRY,ACP,Western Africa,9.844564059,-6.650832294
MM,Myanmar,Beet,0.92,MMR,ACP,NOT,NON-ACP LDC,NOT,676,0,THIRD COUNTRY,ACP,South-eastern Asia,8.870758455,108.6053251
MN,Mongolia,Beet,0.92,MNG,OTHER,NOT,WORLD,NOT,716,0,THIRD COUNTRY,OTHER,Eastern Asia,32.9336965,118.7732346
MO,Macao,Beet,0.92,MAC,OTHER,NOT,WORLD,NOT,743,0,THIRD COUNTRY,OTHER,Eastern Asia,32.9336965,118.7732346
MP,North Marshall Islands,Beet,0.92,MNP,OTHER,NOT,PACIFIC AND AUSTRALASIA,NOT,820,0,THIRD COUNTRY,OTHER,Micronesia,6.993421,106.3848136
MQ,Martinique,Cane,0.98,MTQ,OTHER,EU,EU,EU,462,2,FRANCE,EU and EEA,Caribbean,16.98064339,-66.62246461
MR,Mauritania,Beet,0.92,MRT,ACP,NOT,ECOWAS,NOT,228,0,THIRD COUNTRY,ACP,Western Africa,9.844564059,-6.650832294
MS,Montserrat,Cane,0.98,MSR,OTHER,NOT,OVERSEAS TERRITORY,NOT,470,0,THIRD COUNTRY,OTHER,Caribbean,16.98064339,-66.62246461
MT,Malta,Beet,0.92,MLT,OTHER,EU,EU,EU,46,3,SOUTH EAST EUROPE,EU and EEA,Southern Europe,41.62067113,11.75807338
MU,Mauritius,Cane,0.98,MUS,ACP,NOT,ESA,NOT,373,0,THIRD COUNTRY,ACP,Eastern Africa,-8.492208667,43.16611414
MV,Maldives,Beet,0.92,MDV,OTHER,NOT,WORLD,NOT,667,0,THIRD COUNTRY,OTHER,Southern Asia,23.11176311,76.51249022
MW,Malawi,Cane,0.98,MWI,ACP,NOT,ESA,NOT,386,0,THIRD COUNTRY,ACP,Eastern Africa,-8.492208667,43.16611414
MX,Mexico,Cane,0.98,MEX,OTHER,NOT,USCANMEX,NOT,412,0,THIRD COUNTRY,OTHER,Central America,14.59429338,-88.2703015
MY,Malaysia,Cane,0.98,MYS,OTHER,NOT,WORLD,NOT,701,0,THIRD COUNTRY,OTHER,South-eastern Asia,8.870758455,108.6053251
MZ,Mozambique,Cane,0.98,MOZ,ACP,NOT,SADC,NOT,366,0,THIRD COUNTRY,ACP,Eastern Africa,-8.492208667,43.16611414
NA,Namibia,Cane,0.98,NAM,ACP,NOT,SADC,NOT,999,0,THIRD COUNTRY,ACP,Southern Africa,-26.3956174,25.1624512
NC,New Caledonia,Cane,0.98,NCL,OTHER,NOT,OVERSEAS TERRITORY,NOT,809,0,THIRD COUNTRY,OTHER,Melanesia,-13.7639814,163.2206714
NE,Niger,Beet,0.92,NER,ACP,NOT,ECOWAS,NOT,240,0,THIRD COUNTRY,ACP,Western Africa,9.844564059,-6.650832294
NF,Norfolk Island,Cane,0.98,NFK,OTHER,NOT,PACIFIC AND AUSTRALASIA,NOT,836,0,THIRD COUNTRY,OTHER,Australia and New Zealand,-28.48488167,125.446897
NG,Nigeria,Cane,0.98,NGA,ACP,NOT,ECOWAS,NOT,288,0,THIRD COUNTRY,ACP,Western Africa,9.844564059,-6.650832294
NI,Nicaragua,Cane,0.98,NIC,OTHER,NOT,CA,NOT,432,0,THIRD COUNTRY,Central America,Central America,14.59429338,-88.2703015
NL,Netherlands,Beet,0.92,NLD,OTHER,EU,EU,EU,3,2,BENELUX,EU and EEA,Western Europe,48.34398211,7.589095333
NO,Norway,Cane,0.98,NOR,OTHER,NOT,EEA,EEA,27,0,SCANDINAVIA,EU and EEA,Northern Europe,59.75914754,9.028474308
NP,Nepal,Beet,0.92,NPL,ACP,NOT,NON-ACP LDC,NOT,672,0,THIRD COUNTRY,ACP,Southern Asia,23.11176311,76.51249022
NR,Nauru,Beet,0.92,NRU,ACP,NOT,PACIFIC,NOT,803,0,THIRD COUNTRY,ACP,Micronesia,6.993421,106.3848136
NU,Niue,Beet,0.92,NIU,OTHER,NOT,PACIFIC AND AUSTRALASIA,NOT,838,0,THIRD COUNTRY,OTHER,Polynesia,-16.1729175,-129.5288791
NZ,New Zealand,Beet,0.92,NZL,OTHER,NOT,WORLD,NOT,804,0,THIRD COUNTRY,OTHER,Australia and New Zealand,-28.48488167,125.446897
OM,Oman,Cane,0.98,OMN,OTHER,NOT,WORLD,NOT,649,0,THIRD COUNTRY,OTHER,Western Asia,30.94740894,43.45426694
PA,Panama,Cane,0.98,PAN,OTHER,NOT,CA,NOT,440,0,THIRD COUNTRY,Central America,Central America,14.59429338,-88.2703015
PE,Peru,Beet,0.92,PER,OTHER,NOT,PERU,NOT,504,0,THIRD COUNTRY,Andean Community,South America,-19.28398081,-57.48443344
PF,French Polynesia,Cane,0.98,PYF,OTHER,NOT,OCT,NOT,822,0,THIRD COUNTRY,OTHER,Polynesia,-16.1729175,-129.5288791
PG,Papua New Guinea,Cane,0.98,PNG,ACP,NOT,PACIFIC,NOT,801,0,THIRD COUNTRY,ACP,Melanesia,-13.7639814,163.2206714
PH,Philippines,Cane,0.98,PHL,OTHER,NOT,WORLD,NOT,708,0,THIRD COUNTRY,OTHER,South-eastern Asia,8.870758455,108.6053251
PK,Pakistan,Cane,0.98,PAK,OTHER,NOT,WORLD,NOT,662,0,THIRD COUNTRY,OTHER,Southern Asia,23.11176311,76.51249022
PL,Poland,Beet,0.92,POL,OTHER,EU,EU,EU,60,1,POLAND,EU and EEA,Eastern Europe,49.7270375,31.7080626
PM,Saint Pierre And Miquelon,Cane,0.98,SPM,OTHER,NOT,OCT,NOT,408,0,THIRD COUNTRY,OTHER,Northern America,48.8381724,-73.138489
PN,Pitcairn,Cane,0.98,PCN,OTHER,NOT,PACIFIC AND AUSTRALASIA,NOT,813,0,THIRD COUNTRY,OTHER,Polynesia,-16.1729175,-129.5288791
PR,Puerto Rico,Beet,0.92,PRI,OTHER,NOT,NOT,NOT,,0,THIRD COUNTRY,OTHER,Caribbean,16.98064339,-66.62246461
PS,Palestinian Territories,Beet,0.92,PSE,OTHER,NOT,WORLD,NOT,400,0,THIRD COUNTRY,OTHER,Western Asia,30.94740894,43.45426694
PT,Portugal,Beet,0.92,PRT,OTHER,EU,EU,EU,10,3,IBERIA,EU and EEA,Southern Europe,41.62067113,11.75807338
PW,Palau,Cane,0.98,PLW,OTHER,NOT,PACIFIC AND AUSTRALASIA,NOT,825,0,THIRD COUNTRY,OTHER,Micronesia,6.993421,106.3848136
PY,Paraguay,Beet,0.92,PRY,OTHER,NOT,WORLD,NOT,520,0,THIRD COUNTRY,OTHER,South America,-19.28398081,-57.48443344
QA,Qatar,Beet,0.92,QAT,OTHER,NOT,WORLD,NOT,644,0,THIRD COUNTRY,OTHER,Western Asia,30.94740894,43.45426694
RE,Reunion,Cane,0.98,REU,OTHER,EU,EU,EU,372,2,FRANCE,EU and EEA,Eastern Africa,-8.492208667,43.16611414
RO,Romania,Beet,0.92,ROU,OTHER,EU,EU,EU,66,3,SOUTH EAST EUROPE,EU and EEA,Eastern Europe,49.7270375,31.7080626
RS,Serbia,Beet,0.92,SRB,OTHER,NOT,WBA,NOT,48,0,WBA,West Balkans,Southern Europe,41.62067113,11.75807338
RU,Russia,Cane,0.98,RUS,OTHER,NOT,CIS,NOT,56,0,THIRD COUNTRY,OTHER,Eastern Europe,49.7270375,31.7080626
RW,Rwanda,Beet,0.92,RWA,ACP,NOT,EAC,NOT,324,0,THIRD COUNTRY,ACP,Eastern Africa,-8.492208667,43.16611414
SA,Saudi Arabia,Beet,0.92,SAU,OTHER,NOT,WORLD,NOT,632,0,THIRD COUNTRY,OTHER,Western Asia,30.94740894,43.45426694
SB,Solomon Islands,Beet,0.92,SLB,OTHER,NOT,PACIFIC AND AUSTRALASIA,NOT,806,0,THIRD COUNTRY,OTHER,Melanesia,-13.7639814,163.2206714
SC,Seychelles,Cane,0.98,SYC,ACP,NOT,ESA,NOT,355,0,THIRD COUNTRY,ACP,Eastern Africa,-8.492208667,43.16611414
SD,Sudan,Cane,0.98,SDN,ACP,NOT,ESA,NOT,224,0,THIRD COUNTRY,ACP,Northern Africa,26.27807029,9.923876571
SE,Sweden,Beet,0.92,SWE,OTHER,EU,EU,EU,30,1,SCANDINAVIA,EU and EEA,Northern Europe,59.75914754,9.028474308
SG,Singapore,Cane,0.98,SGP,OTHER,NOT,WORLD,NOT,706,0,THIRD COUNTRY,OTHER,South-eastern Asia,8.870758455,108.6053251
SH,Saint Helena,Cane,0.98,SHN,OTHER,NOT,OCT,NOT,329,0,THIRD COUNTRY,OTHER,Western Africa,9.844564059,-6.650832294
SI,Slovenia,Beet,0.92,SVN,OTHER,EU,EU,EU,91,3,SOUTH EAST EUROPE,EU and EEA,Southern Europe,41.62067113,11.75807338
SJ,Svalbard and Jan Mayen Islands,Cane,0.98,SJM,OTHER,NOT,NOT,NOT,27,0,SCANDINAVIA,OTHER,Northern Europe,59.75914754,9.028474308
SK,Slovakia,Beet,0.92,SVK,OTHER,EU,EU,EU,63,1,CENTRAL EUROPE,EU and EEA,Eastern Europe,49.7270375,31.7080626
SL,Sierra Leone,Beet,0.92,SLE,ACP,NOT,ECOWAS,NOT,264,0,THIRD COUNTRY,ACP,Western Africa,9.844564059,-6.650832294
SM,San Marino,Beet,0.92,SMR,OTHER,NOT,EU,NOT,47,3,ITALY,EU and EEA,Southern Europe,41.62067113,11.75807338
SN,Senegal,Beet,0.92,SEN,ACP,NOT,ECOWAS,NOT,248,0,THIRD COUNTRY,ACP,Western Africa,9.844564059,-6.650832294
SO,Somalia,Cane,0.98,SOM,ACP,NOT,ESA,NOT,342,0,THIRD COUNTRY,ACP,Eastern Africa,-8.492208667,43.16611414
SR,Suriname,Beet,0.92,SUR,ACP,NOT,CARIFORUM,NOT,492,0,THIRD COUNTRY,ACP,South America,-19.28398081,-57.48443344
SS,South Sudan,Cane,0.98,SSD,ACP,NOT,ESA,NOT,225,0,THIRD COUNTRY,ACP,dunno,90,90
ST,Sao Tome And Principe,Cane,0.98,STP,ACP,NOT,CEMAC,NOT,311,0,THIRD COUNTRY,ACP,Middle Africa,1.666602778,15.10855589
SV,El Salvador,Cane,0.98,SLV,OTHER,NOT,CA,NOT,428,0,THIRD COUNTRY,Central America,Central America,14.59429338,-88.2703015
SX,Sint Maarten,Cane,0.98,SXM,OTHER,NOT,OCT,NOT,479,0,THIRD COUNTRY,OTHER,dunno,90,90
SY,Syria,Cane,0.98,SYR,OTHER,NOT,WORLD,NOT,608,0,THIRD COUNTRY,OTHER,Western Asia,30.94740894,43.45426694
SZ,Eswatini,Cane,0.98,SWZ,ACP,NOT,SADC,NOT,393,0,THIRD COUNTRY,ACP,Southern Africa,-26.3956174,25.1624512
TC,Turks And Caicos Islands,Cane,0.98,TCA,OTHER,NOT,OCT,NOT,454,0,THIRD COUNTRY,OTHER,Caribbean,16.98064339,-66.62246461
TD,Chad,Beet,0.92,TCD,ACP,NOT,CEMAC,NOT,244,0,THIRD COUNTRY,ACP,Middle Africa,1.666602778,15.10855589
TF,French Southern Territories,Cane,0.98,ATF,OTHER,NOT,OCT,NOT,894,0,THIRD COUNTRY,OTHER,Eastern Africa,-8.492208667,43.16611414
TG,Togo,Cane,0.98,TGO,ACP,NOT,ECOWAS,NOT,280,0,THIRD COUNTRY,ACP,Western Africa,9.844564059,-6.650832294
TH,Thailand,Cane,0.98,THA,OTHER,NOT,WORLD,NOT,680,0,THIRD COUNTRY,OTHER,South-eastern Asia,8.870758455,108.6053251
TJ,Tadjikistan,Cane,0.98,TJK,OTHER,NOT,CIS,NOT,82,0,THIRD COUNTRY,OTHER,Central Asia,41.6864394,67.421483
TK,Tokelau,Cane,0.98,TKL,ACP,NOT,PACIFIC,NOT,839,0,THIRD COUNTRY,ACP,Polynesia,-16.1729175,-129.5288791
TL,Timor-Leste,Cane,0.98,TLS,ACP,NOT,PACIFIC,NOT,626,0,THIRD COUNTRY,ACP,South-eastern Asia,8.870758455,108.6053251
TM,Turkmenistan,Beet,0.92,TKM,OTHER,NOT,CIS,NOT,80,0,THIRD COUNTRY,OTHER,Central Asia,41.6864394,67.421483
TN,Tunisia,Cane,0.98,TUN,OTHER,NOT,MAGHREB,NOT,212,0,THIRD COUNTRY,OTHER,Northern Africa,26.27807029,9.923876571
TO,Tonga,Cane,0.98,TON,OTHER,NOT,PACIFIC AND AUSTRALASIA,NOT,817,0,THIRD COUNTRY,OTHER,Polynesia,-16.1729175,-129.5288791
TR,Türkiye,Beet,0.92,TUR,OTHER,NOT,EUCU,NOT,52,0,THIRD COUNTRY,OTHER,Western Asia,30.94740894,43.45426694
TT,Trinidad & Tobago,Beet,0.92,TTO,ACP,NOT,CARIFORUM,NOT,472,0,THIRD COUNTRY,ACP,Caribbean,16.98064339,-66.62246461
TV,Tuvalu,Cane,0.98,TUV,OTHER,NOT,PACIFIC AND AUSTRALASIA,NOT,807,0,THIRD COUNTRY,OTHER,Polynesia,-16.1729175,-129.5288791
TW,Taiwan,Beet,0.92,TWN,OTHER,NOT,WORLD,NOT,736,0,THIRD COUNTRY,OTHER,Eastern Asia,32.9336965,118.7732346
TZ,Tanzania,Cane,0.98,TZA,ACP,NOT,EAC,NOT,352,0,THIRD COUNTRY,ACP,Eastern Africa,-8.492208667,43.16611414
UA,Ukraine,Beet,0.92,UKR,OTHER,NOT,EASTERN,NOT,72,0,THIRD COUNTRY,Ukraine,Eastern Europe,49.7270375,31.7080626
UG,Uganda,Beet,0.92,UGA,ACP,NOT,EAC,NOT,350,0,THIRD COUNTRY,ACP,Eastern Africa,-8.492208667,43.16611414
UM,US Minor Outlying Islands,Cane,0.98,UMI,OTHER,NOT,PACIFIC AND AUSTRALASIA,NOT,832,0,THIRD COUNTRY,OTHER,dunno,90,90
US,United States of America,Beet,0.92,USA,OTHER,NOT,USCANMEX,NOT,400,0,THIRD COUNTRY,OTHER,Northern America,48.8381724,-73.138489
UY,Uruguay,Cane,0.98,URY,OTHER,NOT,WORLD,NOT,524,0,THIRD COUNTRY,OTHER,South America,-19.28398081,-57.48443344
UZ,Uzbekistan,Cane,0.98,UZB,OTHER,NOT,CIS,NOT,81,0,THIRD COUNTRY,OTHER,Central Asia,41.6864394,67.421483
VA,Holy See,Beet,0.92,VAT,OTHER,NOT,EU,NOT,45,3,ITALY,EU and EEA,Southern Europe,41.62067113,11.75807338
VC,Saint Vincent and the Grenadines,Cane,0.98,VCT,ACP,NOT,CARIFORUM,NOT,467,0,THIRD COUNTRY,ACP,Caribbean,16.98064339,-66.62246461
VE,Venezuela,Beet,0.92,VEN,OTHER,NOT,WORLD,NOT,484,0,THIRD COUNTRY,OTHER,South America,-19.28398081,-57.48443344
VG,British Virgin Islands,Beet,0.92,VGB,OTHER,NOT,OCT,NOT,461,0,THIRD COUNTRY,OTHER,Caribbean,16.98064339,-66.62246461
VI,United States Virgin Islands,Cane,0.98,VIR,OTHER,NOT,OCT,NOT,457,0,THIRD COUNTRY,OTHER,Caribbean,16.98064339,-66.62246461
VN,Vietnam,Cane,0.98,VNM,OTHER,NOT,WORLD,NOT,688,0,THIRD COUNTRY,OTHER,South-eastern Asia,8.870758455,108.6053251
VU,Vanuatu,Cane,0.98,VUT,ACP,NOT,PACIFIC,NOT,264,0,THIRD COUNTRY,ACP,Melanesia,-13.7639814,163.2206714
WF,Wallis And Futuna,Cane,0.98,WLF,OTHER,NOT,OCT,NOT,259,0,THIRD COUNTRY,OTHER,Polynesia,-16.1729175,-129.5288791
WK,Wake Island,Cane,0.98,WAK,OTHER,NOT,NOT,NOT,999,0,THIRD COUNTRY,OTHER,dunno,90,90
WS,Samoa,Cane,0.98,WSM,OTHER,NOT,PACIFIC AND AUSTRALASIA,NOT,266,0,THIRD COUNTRY,OTHER,Polynesia,-16.1729175,-129.5288791
XK,Kosovo,Cane,0.98,XKX,OTHER,NOT,WEST BALKANS,NOT,71,0,WBA,OTHER,dunno,90,90
XX,N.Det.Intra,FiftyFifty,0.95,XXX,OTHER,EU,EU,NOT,292,0,THIRD COUNTRY,EU and EEA,dunno,90,90
YE,South Yemen,Cane,0.98,YEM,OTHER,NOT,WORLD,NOT,216,0,THIRD COUNTRY,OTHER,Western Asia,30.94740894,43.45426694
YT,Mayotte,Cane,0.98,MYT,OTHER,NOT,OCT,NOT,129,2,THIRD COUNTRY,OTHER,Eastern Africa,-8.492208667,43.16611414
ZA,South Africa,Cane,0.98,ZAF,ACP,NOT,SADC,NOT,133,0,THIRD COUNTRY,ACP,Southern Africa,-26.3956174,25.1624512
ZM,Zambia,Cane,0.98,ZMB,ACP,NOT,ESA,NOT,130,0,THIRD COUNTRY,ACP,Eastern Africa,-8.492208667,43.16611414
ZW,Zimbabwe,Cane,0.98,ZWE,ACP,NOT,ESA,NOT,131,0,THIRD COUNTRY,ACP,Eastern Africa,-8.492208667,43.16611414
ZZ,Not known,FiftyFifty,0.95,XXX,OTHER,EU,EU,NOT,2,2,THIRD COUNTRY,EU and EEA,dunno,90,90
EU,European Union,Beet,0.92,EUR,OTHER,EU,EU,EU,16,4,,EU and EEA,dunno,90,90
QP,High Seas,FiftyFifty,0.95,XXX,OTHER,NOT,OTHER WORLD OR NOT KNOWN,NOT,290,0,THIRD COUNTRY,OTHER,dunno,90,90
QQ,Sec. Extra,FiftyFifty,0.95,XXX,OTHER,NOT,OTHER WORLD OR NOT KNOWN,NOT,295,0,THIRD COUNTRY,OTHER,dunno,90,90
QS,Secr.Extra,FiftyFifty,0.95,XXX,OTHER,NOT,OTHER WORLD OR NOT KNOWN,NOT,298,0,THIRD COUNTRY,OTHER,dunno,90,90
QU,Countries And Territ. Not Det.,FiftyFifty,0.95,XXX,OTHER,NOT,OTHER WORLD OR NOT KNOWN,NOT,291,0,THIRD COUNTRY,OTHER,dunno,90,90
JE,Jersey,Beet,0.92,XXX,OTHER,NOT,NOT,UK,999,0,,OTHER,Channel Islands,49.340065,-2.358264
GG,Guernsey,Beet,0.92,XXX,OTHER,NOT,NOT,UK,999,0,,OTHER,Channel Islands,49.340065,-2.358264
QV,Countries and territories not specified within the framework of Intra_EU trade,FiftyFifty,0.95,XXX,OTHER,NOT,OTHER WORLD OR NOT KNOWN,NOT,958,0,THIRD COUNTRY,OTHER,dunno,90,90
QW,Countries and territories not specified within the framework of trade with third countries,FiftyFifty,0.95,XXX,OTHER,NOT,OTHER WORLD OR NOT KNOWN,NOT,958,0,THIRD COUNTRY,OTHER,dunno,90,90
QY,Secret countries Intra,Beet,0.92,XXX,OTHER,NOT,EU,NOT,958,4,THIRD COUNTRY,EU and EEA,dunno,90,90
QZ,Secret countries Extra,Cane,0.98,XXX,OTHER,NOT,OTHER WORLD OR NOT KNOWN,NOT,958,0,THIRD COUNTRY,OTHER,dunno,90,90
EEA,European Economic Association,Beet,0.92,XXX,OTHER,EU,EU,EU,999,4,EUROPE,EU and EEA,dunno,90,90
EU27_2020,EU after Brexit,Beet,0.92,XXX,OTHER,EU,EU,EU,999,4,EUROPE,EU and EEA,dunno,90,90
EU27,EU after Brexit,Beet,0.92,XXX,OTHER,EU,EU,EU,999,4,EUROPE,EU and EEA,dunno,90,90
EU28,EU including the UK,Beet,0.92,XXX,OTHER,EU,EU,EU,999,4,EUROPE,EU and EEA,dunno,90,90
XA,American Oceania,Beet,0.92,XXX,OTHER,NOT,OTHER WORLD OR NOT KNOWN,NOT,999,0,THIRD COUNTRY,OTHER,dunno,90,90
XO,Australian Oceania,Beet,0.92,XXX,OTHER,NOT,OTHER WORLD OR NOT KNOWN,NOT,999,0,THIRD COUNTRY,OTHER,dunno,90,90
BV,Bouvet Island,Beet,0.92,XXX,OTHER,NOT,OTHER WORLD OR NOT KNOWN,NOT,999,0,THIRD COUNTRY,OTHER,South America,-19.28398081,-57.48443344
XB,Canary Islands,Beet,0.92,XXX,OTHER,EU,EU,NOT,999,0,IBERIA,EU and EEA,dunno,90,90
QX,Countries and territories not specified for commercial or military reasons,Beet,0.92,XXX,OTHER,NOT,OTHER WORLD OR NOT KNOWN,NOT,999,0,THIRD COUNTRY,OTHER,dunno,90,90
CS,Czechoslovakia,Beet,0.92,CSK,OTHER,NOT,OTHER WORLD OR NOT KNOWN,NOT,999,0,THIRD COUNTRY,OTHER,dunno,90,90
TP,East Timor,Beet,0.92,XXX,OTHER,NOT,OTHER WORLD OR NOT KNOWN,NOT,999,0,THIRD COUNTRY,OTHER,dunno,90,90
DD,"Germany, Democratic Republic of",Beet,0.92,DDR,OTHER,EU,EU,NOT,999,0,GERMANY,EU and EEA,dunno,90,90
XR,Polar Regions,Beet,0.92,XXX,OTHER,NOT,OTHER WORLD OR NOT KNOWN,NOT,999,0,THIRD COUNTRY,OTHER,dunno,90,90
SU,Soviet Union,Beet,0.92,SUN,OTHER,NOT,OTHER WORLD OR NOT KNOWN,NOT,999,0,THIRD COUNTRY,OTHER,dunno,90,90
XP,West Bank and Gaza Strip,Beet,0.92,XXX,OTHER,NOT,OTHER WORLD OR NOT KNOWN,NOT,999,0,THIRD COUNTRY,OTHER,dunno,90,90
YU,Yugoslavia,Beet,0.92,XXX,OTHER,NOT,OTHER WORLD OR NOT KNOWN,NOT,999,0,THIRD COUNTRY,OTHER,dunno,90,90
XS,Serbia,Beet,0.92,SRB,OTHER,NOT,WBA,NOT,48,0,WBA,West Balkans,dunno,90,90
QR,Stores and Provisions Intra,Beet,0.92,XXX,OTHER,NOT,NOT,NOT,999,0,THIRD COUNTRY,OTHER,dunno,90,90
XC,Ceuta,Beet,0.92,ESP,OTHER,EU,EU,EU,11,3,IBERIA,EU and EEA,Southern Europe,41.62067113,11.75807338
XI,United Kingdom (Northern Ireland),Beet,0.92,GBR,OTHER,EU,UK,UK,15,2,UK and IRL,EU and EEA,dunno,59.75914754,9.028474308
XL,Melilla,Beet,0.92,ESP,OTHER,EU,EU,EU,11,3,IBERIA,EU and EEA,Southern Europe,41.62067113,11.75807338
XU,United Kingdom (excluding Northern Ireland),Beet,0.92,GBR,OTHER,EU,UK,UK,16,2,UK and IRL,EU and EEA,dunno,59.75914754,9.028474308
XM,Montenegro,Beet,0.92,MNE,OTHER,NOT,WBA,NOT,97,0,WBA,West Balkans,Southern Europe,41.62067113,11.75807338
XZ,New Zealand,Beet,0.92,NZL,OTHER,NOT,WORLD,NOT,804,0,THIRD COUNTRY,OTHER,Australia and New Zealand,-28.48488167,125.446897
EL,Greece,Beet,0.92,GRC,OTHER,EU,EU,EU,9,3,SOUTH EAST EUROPE,EU and EEA,Southern Europe,41.62067113,11.75807338
S19,Other Asia,Cane,0.98,S19,OTHER,NOT,WORLD,NOT,999,0,THIRD COUNTRY,OTHER,dunno,15.5,114
